Input Number, Run_Number, Result@ 1000, A, B, H, C, T2, R, L4, L1, L5, Y, T1, T3, T4, T5, T6, U, L2, D, L3, O1, O2, O3, O4, Reaction New, Reaction10, Reaction11, Reaction12, Reaction13, Reaction14, Reaction15, Reaction16, Reaction17, Reaction19, Reaction2, Reaction20, Reaction21, Reaction22, Reaction23, Reaction24, Reaction25, Reaction3, Reaction4, Reaction5, Reaction6, Reaction8, Reaction9
INVAR-1, Run: 001, P, 0, 10, 0, 0, 0, 51, 0, 0, 0, 100, 0, 0, 0, 0, 0, 6, 0, 0, 0, 9, 0, 1, 9, 50, 76, 67, 196, 3141, 1968, 1257, 806, 543, 1123, 834, 711, 451, 263, 180, 363, 363, 570, 439, 363, 296, 264, 131
INVAR-1, Run: 002, P, 0, 0, 0, 10, 0, 51, 0, 0, 0, 100, 0, 0, 0, 0, 0, 6, 0, 0, 0, 8, 9, 0, 8, 50, 104, 77, 249, 2966, 1757, 1071, 657, 405, 1159, 910, 686, 414, 252, 126, 279, 279, 685, 530, 426, 349, 225, 155
INVAR-1, Run: 003, P, 0, 10, 0, 0, 0, 51, 0, 0, 0, 100, 0, 0, 0, 0, 0, 6, 0, 0, 0, 16, 7, 8, 16, 50, 110, 69, 142, 4713, 3021, 1998, 1309, 881, 1642, 915, 1023, 689, 428, 262, 619, 619, 595, 421, 311, 242, 320, 174
INVAR-1, Run: 004, P, 0, 10, 0, 0, 0, 51, 0, 0, 0, 100, 0, 0, 0, 0, 0, 6, 0, 0, 0, 9, 0, 1, 9, 50, 41, 15, 23, 5088, 3604, 2592, 1919, 1432, 1434, 344, 1012, 673, 487, 390, 1042, 1042, 239, 179, 138, 123, 105, 60
INVAR-1, Run: 005, P, 0, 0, 0, 10, 0, 51, 0, 0, 0, 100, 0, 0, 0, 0, 0, 6, 0, 0, 0, 8, 9, 0, 8, 50, 79, 46, 33, 3991, 2873, 2110, 1573, 1185, 1068, 651, 763, 537, 388, 303, 882, 882, 392, 258, 179, 133, 259, 134
INVAR-1, Run: 006, P, 0, 10, 0, 0, 0, 51, 0, 0, 0, 100, 0, 0, 0, 0, 0, 6, 0, 0, 0, 11, 2, 3, 11, 50, 103, 65, 98, 3269, 2095, 1431, 958, 671, 1124, 841, 664, 473, 287, 199, 472, 472, 543, 366, 263, 198, 298, 177
INVAR-1, Run: 007, P, 0, 10, 0, 0, 0, 51, 0, 0, 0, 100, 0, 0, 0, 0, 0, 6, 0, 0, 0, 9, 0, 1, 9, 50, 71, 52, 191, 3916, 2501, 1631, 1090, 719, 1365, 699, 870, 541, 371, 243, 476, 476, 527, 414, 343, 291, 172, 113
INVAR-1, Run: 008, P, 0, 10, 0, 0, 0, 51, 0, 0, 0, 100, 0, 0, 0, 0, 0, 6, 0, 0, 0, 9, 0, 1, 9, 50, 93, 50, 151, 4173, 2792, 1909, 1319, 944, 1331, 835, 883, 590, 375, 294, 650, 650, 549, 394, 301, 251, 286, 155
INVAR-1, Run: 009, P, 10, 0, 0, 0, 0, 51, 0, 0, 0, 100, 0, 0, 0, 0, 0, 6, 0, 0, 0, 0, 1, 2, 0, 50, 0, 0, 0, 3940, 2909, 2254, 1723, 1335, 981, 100, 655, 531, 388, 305, 1030, 1030, 100, 100, 100, 100, 0, 0
INVAR-1, Run: 010, P, 0, 10, 0, 0, 0, 51, 0, 0, 0, 100, 0, 0, 0, 0, 0, 6, 0, 0, 0, 9, 0, 1, 9, 50, 61, 39, 45, 3662, 2524, 1791, 1283, 925, 1088, 574, 733, 508, 358, 240, 685, 685, 367, 245, 184, 145, 207, 122
INVAR-1, Run: 011, P, 0, 0, 0, 10, 0, 51, 0, 0, 0, 100, 0, 0, 0, 0, 0, 6, 0, 0, 0, 9, 10, 1, 9, 50, 130, 86, 268, 2647, 1449, 869, 529, 349, 1148, 1115, 580, 340, 180, 145, 204, 204, 784, 584, 454, 368, 331, 200
INVAR-1, Run: 012, P, 0, 10, 0, 0, 0, 51, 0, 0, 0, 100, 0, 0, 0, 0, 0, 6, 0, 0, 0, 9, 0, 1, 9, 50, 91, 51, 63, 4985, 3421, 2407, 1739, 1279, 1514, 688, 1014, 668, 460, 315, 964, 964, 431, 305, 214, 163, 257, 126
INVAR-1, Run: 013, P, 0, 10, 0, 0, 0, 51, 0, 0, 0, 100, 0, 0, 0, 0, 0, 6, 0, 0, 0, 10, 1, 2, 10, 50, 65, 41, 63, 4546, 3216, 2279, 1642, 1195, 1280, 592, 937, 637, 447, 293, 902, 902, 394, 269, 204, 163, 198, 125
INVAR-1, Run: 014, P, 0, 10, 0, 0, 0, 51, 0, 0, 0, 100, 0, 0, 0, 0, 0, 6, 0, 0, 0, 9, 0, 1, 9, 50, 52, 34, 36, 4983, 3589, 2637, 1922, 1416, 1344, 452, 952, 715, 506, 350, 1066, 1066, 295, 222, 170, 136, 157, 73
INVAR-1, Run: 015, P, 0, 0, 0, 10, 0, 51, 0, 0, 0, 100, 0, 0, 0, 0, 0, 6, 0, 0, 0, 8, 9, 0, 8, 50, 55, 46, 78, 5586, 4032, 2975, 2271, 1692, 1504, 465, 1057, 704, 579, 423, 1269, 1269, 350, 279, 224, 178, 115, 71
INVAR-1, Run: 016, P, 0, 10, 0, 0, 0, 51, 0, 0, 0, 100, 0, 0, 0, 0, 0, 6, 0, 0, 0, 9, 0, 1, 9, 50, 41, 38, 48, 6365, 4598, 3370, 2451, 1790, 1717, 466, 1228, 919, 661, 453, 1337, 1337, 316, 227, 186, 148, 150, 89
INVAR-1, Run: 017, P, 0, 10, 0, 0, 0, 51, 0, 0, 0, 100, 0, 0, 0, 0, 0, 6, 0, 0, 0, 10, 1, 2, 10, 50, 55, 36, 66, 4991, 3672, 2704, 1989, 1474, 1269, 493, 968, 715, 515, 387, 1087, 1087, 340, 257, 202, 166, 153, 83
INVAR-1, Run: 018, P, 0, 0, 0, 10, 0, 51, 0, 0, 0, 100, 0, 0, 0, 0, 0, 6, 0, 0, 0, 9, 10, 1, 9, 50, 120, 69, 145, 3452, 2085, 1369, 916, 616, 1317, 920, 716, 453, 300, 191, 425, 425, 613, 434, 314, 245, 307, 179
INVAR-1, Run: 019, P, 0, 10, 0, 0, 0, 51, 0, 0, 0, 100, 0, 0, 0, 0, 0, 6, 0, 0, 0, 10, 1, 2, 10, 50, 82, 44, 58, 5085, 3622, 2573, 1846, 1305, 1413, 664, 1049, 727, 541, 342, 963, 963, 438, 284, 202, 158, 226, 154
INVAR-1, Run: 020, P, 0, 10, 0, 0, 0, 51, 0, 0, 0, 100, 0, 0, 0, 0, 0, 6, 0, 0, 0, 9, 0, 1, 9, 50, 106, 51, 106, 2717, 1713, 1148, 773, 519, 954, 758, 565, 375, 254, 165, 354, 354, 518, 363, 257, 206, 240, 155
INVAR-1, Run: 021, P, 0, 10, 0, 0, 0, 51, 0, 0, 0, 100, 0, 0, 0, 0, 0, 6, 0, 0, 0, 9, 0, 1, 9, 50, 72, 49, 68, 3556, 2349, 1618, 1091, 764, 1157, 679, 731, 527, 327, 235, 529, 529, 437, 289, 217, 168, 242, 148
INVAR-1, Run: 022, P, 0, 10, 0, 0, 0, 51, 0, 0, 0, 100, 0, 0, 0, 0, 0, 6, 0, 0, 0, 9, 0, 1, 9, 50, 68, 33, 53, 4839, 3326, 2303, 1610, 1150, 1463, 544, 1023, 693, 460, 340, 810, 810, 358, 254, 186, 153, 186, 104
INVAR-1, Run: 023, P, 0, 10, 0, 0, 0, 51, 0, 0, 0, 100, 0, 0, 0, 0, 0, 6, 0, 0, 0, 11, 2, 3, 11, 50, 65, 43, 54, 4653, 3293, 2397, 1798, 1316, 1310, 579, 896, 599, 482, 344, 972, 972, 386, 262, 197, 154, 193, 124
INVAR-1, Run: 024, P, 0, 0, 0, 10, 0, 51, 0, 0, 0, 100, 0, 0, 0, 0, 0, 6, 0, 0, 0, 9, 10, 1, 9, 50, 115, 72, 339, 3157, 1866, 1128, 678, 411, 1241, 1127, 738, 450, 267, 156, 255, 255, 828, 626, 511, 439, 299, 202
INVAR-1, Run: 025, P, 0, 10, 0, 0, 0, 51, 0, 0, 0, 100, 0, 0, 0, 0, 0, 6, 0, 0, 0, 9, 0, 1, 9, 50, 75, 34, 33, 4877, 3407, 2458, 1780, 1298, 1420, 611, 949, 678, 482, 362, 936, 936, 379, 242, 167, 133, 232, 137
INVAR-1, Run: 026, P, 0, 10, 0, 0, 0, 51, 0, 0, 0, 100, 0, 0, 0, 0, 0, 6, 0, 0, 0, 9, 0, 1, 9, 50, 64, 41, 67, 4085, 2872, 2070, 1515, 1132, 1163, 470, 802, 555, 383, 303, 829, 829, 353, 272, 208, 167, 117, 81
INVAR-1, Run: 027, P, 0, 10, 0, 0, 0, 51, 0, 0, 0, 100, 0, 0, 0, 0, 0, 6, 0, 0, 0, 9, 0, 1, 9, 50, 44, 21, 34, 5646, 4094, 3055, 2243, 1662, 1502, 395, 1039, 812, 581, 412, 1250, 1250, 277, 199, 155, 134, 118, 78
INVAR-1, Run: 028, P, 0, 10, 0, 0, 0, 51, 0, 0, 0, 100, 0, 0, 0, 0, 0, 6, 0, 0, 0, 9, 0, 1, 9, 50, 51, 29, 51, 3922, 2649, 1888, 1315, 931, 1223, 491, 761, 573, 384, 291, 640, 640, 325, 231, 180, 151, 166, 94
INVAR-1, Run: 029, P, 0, 10, 0, 0, 0, 51, 0, 0, 0, 100, 0, 0, 0, 0, 0, 6, 0, 0, 0, 9, 0, 1, 9, 50, 81, 45, 46, 4413, 3153, 2329, 1730, 1312, 1210, 647, 824, 599, 418, 310, 1002, 1002, 409, 272, 191, 146, 238, 137
INVAR-1, Run: 030, P, 0, 10, 0, 0, 0, 51, 0, 0, 0, 100, 0, 0, 0, 0, 0, 6, 0, 0, 0, 9, 0, 1, 9, 50, 95, 53, 116, 3631, 2403, 1612, 1088, 747, 1178, 675, 791, 524, 341, 250, 497, 497, 489, 364, 269, 216, 186, 125
INVAR-1, Run: 031, P, 0, 10, 0, 0, 0, 51, 0, 0, 0, 100, 0, 0, 0, 0, 0, 6, 0, 0, 0, 9, 0, 1, 9, 50, 58, 39, 58, 4094, 2832, 2060, 1461, 1037, 1212, 582, 772, 599, 424, 291, 746, 746, 369, 255, 197, 158, 213, 114
INVAR-1, Run: 032, P, 0, 10, 0, 0, 0, 51, 0, 0, 0, 100, 0, 0, 0, 0, 0, 6, 0, 0, 0, 9, 0, 1, 9, 50, 43, 36, 31, 4888, 3476, 2504, 1798, 1350, 1362, 447, 972, 706, 448, 354, 996, 996, 287, 210, 167, 131, 160, 77
INVAR-1, Run: 033, P, 0, 10, 0, 0, 0, 51, 0, 0, 0, 100, 0, 0, 0, 0, 0, 6, 0, 0, 0, 9, 0, 1, 9, 50, 88, 69, 58, 3178, 2050, 1388, 934, 662, 1078, 784, 662, 454, 272, 173, 489, 489, 479, 315, 227, 158, 305, 164
INVAR-1, Run: 034, P, 0, 10, 0, 0, 0, 51, 0, 0, 0, 100, 0, 0, 0, 0, 0, 6, 0, 0, 0, 9, 0, 1, 9, 50, 53, 34, 40, 4120, 2911, 2081, 1478, 1064, 1159, 448, 830, 603, 414, 293, 771, 771, 307, 227, 174, 140, 141, 80
INVAR-1, Run: 035, P, 0, 10, 0, 0, 0, 51, 0, 0, 0, 100, 0, 0, 0, 0, 0, 6, 0, 0, 0, 9, 0, 1, 9, 50, 99, 63, 108, 3496, 2269, 1545, 1079, 748, 1177, 777, 724, 466, 331, 213, 535, 535, 510, 370, 271, 208, 267, 140
INVAR-1, Run: 036, P, 0, 10, 0, 0, 0, 51, 0, 0, 0, 100, 0, 0, 0, 0, 0, 6, 0, 0, 0, 9, 0, 1, 9, 50, 60, 44, 57, 5804, 4262, 3170, 2332, 1737, 1492, 545, 1092, 838, 595, 425, 1312, 1312, 373, 261, 201, 157, 172, 112
INVAR-1, Run: 037, P, 0, 10, 0, 0, 0, 51, 0, 0, 0, 100, 0, 0, 0, 0, 0, 6, 0, 0, 0, 9, 0, 1, 9, 50, 40, 31, 27, 5435, 3864, 2832, 2083, 1569, 1521, 472, 1032, 749, 514, 379, 1190, 1190, 293, 198, 158, 127, 179, 95
INVAR-1, Run: 038, P, 0, 10, 0, 0, 0, 51, 0, 0, 0, 100, 0, 0, 0, 0, 0, 6, 0, 0, 0, 9, 0, 1, 9, 50, 82, 52, 65, 4708, 3226, 2274, 1608, 1161, 1432, 700, 952, 666, 447, 349, 812, 812, 458, 299, 217, 165, 242, 159
INVAR-1, Run: 039, P, 0, 0, 0, 10, 0, 51, 0, 0, 0, 100, 0, 0, 0, 0, 0, 6, 0, 0, 0, 9, 10, 1, 9, 50, 128, 69, 161, 4035, 2573, 1681, 1134, 771, 1412, 1028, 892, 547, 363, 248, 523, 523, 653, 458, 330, 261, 375, 195
INVAR-1, Run: 040, P, 0, 10, 0, 0, 0, 51, 0, 0, 0, 100, 0, 0, 0, 0, 0, 6, 0, 0, 0, 9, 0, 1, 9, 50, 65, 47, 63, 2583, 1630, 1072, 722, 488, 903, 600, 558, 350, 234, 166, 322, 322, 398, 275, 210, 163, 202, 123
INVAR-1, Run: 041, P, 0, 10, 0, 0, 0, 51, 0, 0, 0, 100, 0, 0, 0, 0, 0, 6, 0, 0, 0, 9, 0, 1, 9, 50, 97, 64, 121, 5686, 4016, 2819, 2015, 1435, 1620, 767, 1197, 804, 580, 372, 1063, 1063, 539, 382, 285, 221, 228, 157
INVAR-1, Run: 042, P, 0, 10, 0, 0, 0, 51, 0, 0, 0, 100, 0, 0, 0, 0, 0, 6, 0, 0, 0, 9, 0, 1, 9, 50, 101, 56, 91, 4099, 2602, 1781, 1228, 873, 1447, 823, 821, 553, 355, 255, 618, 618, 519, 348, 247, 191, 304, 171
INVAR-1, Run: 043, P, 0, 10, 0, 0, 0, 51, 0, 0, 0, 100, 0, 0, 0, 0, 0, 6, 0, 0, 0, 9, 0, 1, 9, 50, 52, 34, 23, 4289, 2989, 2136, 1517, 1048, 1250, 390, 853, 619, 469, 288, 760, 760, 273, 209, 157, 123, 117, 64
INVAR-1, Run: 044, P, 10, 0, 0, 0, 0, 51, 0, 0, 0, 100, 0, 0, 0, 0, 0, 6, 0, 0, 0, 14, 15, 16, 14, 50, 54, 45, 51, 4295, 2902, 2022, 1410, 999, 1343, 618, 880, 612, 411, 270, 729, 729, 371, 250, 196, 151, 247, 121
INVAR-1, Run: 045, P, 0, 10, 0, 0, 0, 51, 0, 0, 0, 100, 0, 0, 0, 0, 0, 6, 0, 0, 0, 9, 0, 1, 9, 50, 101, 57, 157, 4025, 2592, 1689, 1182, 823, 1383, 797, 903, 507, 359, 267, 556, 556, 570, 415, 314, 257, 227, 155
INVAR-1, Run: 046, P, 0, 10, 0, 0, 0, 51, 0, 0, 0, 100, 0, 0, 0, 0, 0, 6, 0, 0, 0, 9, 0, 1, 9, 50, 56, 44, 119, 4192, 2925, 2093, 1475, 1048, 1217, 534, 832, 618, 427, 293, 755, 755, 402, 319, 263, 219, 132, 83
INVAR-1, Run: 047, P, 0, 0, 0, 10, 0, 51, 0, 0, 0, 100, 0, 0, 0, 0, 0, 6, 0, 0, 0, 8, 9, 0, 8, 50, 50, 27, 30, 5792, 4204, 3094, 2329, 1800, 1538, 510, 1110, 765, 529, 441, 1359, 1359, 302, 207, 157, 130, 208, 95
INVAR-1, Run: 048, P, 0, 0, 0, 10, 0, 51, 0, 0, 0, 100, 0, 0, 0, 0, 0, 6, 0, 0, 0, 9, 10, 1, 9, 50, 51, 25, 46, 3722, 2734, 2033, 1527, 1146, 938, 391, 701, 506, 381, 272, 874, 874, 295, 222, 171, 146, 96, 73
INVAR-1, Run: 049, P, 0, 10, 0, 0, 0, 51, 0, 0, 0, 100, 0, 0, 0, 0, 0, 6, 0, 0, 0, 15, 6, 7, 15, 50, 82, 72, 69, 4079, 2856, 2086, 1520, 1119, 1173, 796, 770, 566, 401, 293, 826, 826, 466, 323, 241, 169, 330, 143
INVAR-1, Run: 050, P, 0, 10, 0, 0, 0, 51, 0, 0, 0, 100, 0, 0, 0, 0, 0, 6, 0, 0, 0, 9, 0, 1, 9, 50, 80, 33, 53, 5050, 3404, 2413, 1710, 1238, 1596, 551, 991, 703, 472, 317, 921, 921, 363, 266, 186, 153, 188, 97
INVAR-1, Run: 051, P, 0, 10, 0, 0, 0, 51, 0, 0, 0, 100, 0, 0, 0, 0, 0, 6, 0, 0, 0, 9, 0, 1, 9, 50, 100, 70, 175, 3870, 2431, 1536, 982, 660, 1389, 831, 895, 554, 322, 232, 428, 428, 606, 445, 345, 275, 225, 161
INVAR-1, Run: 052, P, 0, 10, 0, 0, 0, 51, 0, 0, 0, 100, 0, 0, 0, 0, 0, 6, 0, 0, 0, 9, 0, 1, 9, 50, 39, 41, 31, 3628, 2565, 1842, 1269, 910, 1013, 378, 723, 573, 359, 276, 634, 634, 281, 211, 172, 131, 97, 70
INVAR-1, Run: 053, P, 0, 10, 0, 0, 0, 51, 0, 0, 0, 100, 0, 0, 0, 0, 0, 6, 0, 0, 0, 9, 0, 1, 9, 50, 91, 43, 123, 3684, 2416, 1575, 1078, 707, 1218, 751, 841, 497, 371, 218, 489, 489, 495, 357, 266, 223, 256, 138
INVAR-1, Run: 054, P, 0, 10, 0, 0, 0, 51, 0, 0, 0, 100, 0, 0, 0, 0, 0, 6, 0, 0, 0, 9, 0, 1, 9, 50, 72, 49, 48, 5138, 3596, 2579, 1887, 1393, 1492, 554, 1017, 692, 494, 395, 998, 998, 376, 269, 197, 148, 178, 107
INVAR-1, Run: 055, P, 0, 10, 0, 0, 0, 51, 0, 0, 0, 100, 0, 0, 0, 0, 0, 6, 0, 0, 0, 9, 0, 1, 9, 50, 53, 26, 43, 5639, 4068, 3035, 2219, 1646, 1521, 498, 1033, 816, 573, 421, 1225, 1225, 333, 222, 169, 143, 165, 111
INVAR-1, Run: 056, P, 0, 10, 0, 0, 0, 51, 0, 0, 0, 100, 0, 0, 0, 0, 0, 6, 0, 0, 0, 9, 0, 1, 9, 50, 59, 55, 114, 3736, 2438, 1658, 1115, 760, 1248, 617, 780, 543, 355, 251, 509, 509, 460, 328, 269, 214, 157, 132
INVAR-1, Run: 057, P, 0, 10, 0, 0, 0, 51, 0, 0, 0, 100, 0, 0, 0, 0, 0, 6, 0, 0, 0, 9, 0, 1, 9, 50, 37, 31, 47, 4688, 3514, 2728, 2068, 1601, 1124, 434, 786, 660, 467, 356, 1245, 1245, 303, 215, 178, 147, 131, 88
INVAR-1, Run: 058, P, 0, 0, 0, 10, 0, 51, 0, 0, 0, 100, 0, 0, 0, 0, 0, 6, 0, 0, 0, 8, 9, 0, 8, 50, 35, 17, 18, 4722, 3531, 2703, 2074, 1594, 1141, 298, 828, 629, 480, 372, 1222, 1222, 222, 170, 135, 118, 76, 52
INVAR-1, Run: 059, P, 10, 0, 0, 0, 0, 51, 0, 0, 0, 100, 0, 0, 0, 0, 0, 6, 0, 0, 0, 0, 1, 2, 0, 50, 0, 0, 0, 4536, 3468, 2749, 2166, 1696, 1018, 100, 719, 583, 470, 338, 1358, 1358, 100, 100, 100, 100, 0, 0
INVAR-1, Run: 060, P, 0, 10, 0, 0, 0, 51, 0, 0, 0, 100, 0, 0, 0, 0, 0, 6, 0, 0, 0, 9, 0, 1, 9, 50, 85, 43, 95, 3860, 2729, 1972, 1439, 1018, 1081, 707, 757, 533, 421, 240, 778, 778, 459, 323, 238, 195, 248, 136
INVAR-1, Run: 061, P, 0, 10, 0, 0, 0, 51, 0, 0, 0, 100, 0, 0, 0, 0, 0, 6, 0, 0, 0, 9, 0, 1, 9, 50, 93, 60, 92, 3139, 2061, 1415, 963, 650, 1028, 782, 646, 452, 313, 203, 447, 447, 513, 345, 252, 192, 269, 168
INVAR-1, Run: 062, P, 10, 0, 0, 0, 0, 51, 0, 0, 0, 100, 0, 0, 0, 0, 0, 6, 0, 0, 0, 0, 1, 2, 0, 50, 0, 0, 0, 6797, 5505, 4536, 3768, 3182, 1242, 100, 969, 768, 586, 482, 2700, 2700, 100, 100, 100, 100, 0, 0
INVAR-1, Run: 063, P, 0, 10, 0, 0, 0, 51, 0, 0, 0, 100, 0, 0, 0, 0, 0, 6, 0, 0, 0, 9, 0, 1, 9, 50, 58, 43, 57, 3803, 2671, 1875, 1324, 955, 1082, 470, 796, 551, 369, 274, 681, 681, 353, 258, 200, 157, 117, 95
INVAR-1, Run: 064, P, 0, 10, 0, 0, 0, 51, 0, 0, 0, 100, 0, 0, 0, 0, 0, 6, 0, 0, 0, 9, 0, 1, 9, 50, 89, 76, 161, 3464, 2256, 1506, 1022, 705, 1158, 705, 750, 484, 317, 219, 486, 486, 539, 426, 337, 261, 166, 113
INVAR-1, Run: 065, P, 0, 10, 0, 0, 0, 51, 0, 0, 0, 100, 0, 0, 0, 0, 0, 6, 0, 0, 0, 9, 0, 1, 9, 50, 41, 30, 52, 5762, 4185, 3064, 2242, 1661, 1527, 368, 1121, 822, 581, 427, 1234, 1234, 287, 223, 182, 152, 81, 64
INVAR-1, Run: 066, P, 0, 10, 0, 0, 0, 51, 0, 0, 0, 100, 0, 0, 0, 0, 0, 6, 0, 0, 0, 9, 0, 1, 9, 50, 47, 20, 41, 6574, 4783, 3615, 2712, 1996, 1741, 470, 1168, 903, 716, 523, 1473, 1473, 312, 208, 161, 141, 158, 104
INVAR-1, Run: 067, P, 0, 10, 0, 0, 0, 51, 0, 0, 0, 100, 0, 0, 0, 0, 0, 6, 0, 0, 0, 9, 0, 1, 9, 50, 66, 40, 49, 3834, 2760, 2001, 1525, 1115, 1024, 599, 759, 476, 410, 307, 808, 808, 377, 255, 189, 149, 222, 122
INVAR-1, Run: 068, P, 0, 10, 0, 0, 0, 51, 0, 0, 0, 100, 0, 0, 0, 0, 0, 6, 0, 0, 0, 10, 1, 2, 10, 50, 85, 68, 82, 3603, 2394, 1643, 1131, 786, 1159, 854, 751, 512, 345, 236, 550, 550, 517, 335, 250, 182, 337, 182
INVAR-1, Run: 069, P, 0, 10, 0, 0, 0, 51, 0, 0, 0, 100, 0, 0, 0, 0, 0, 6, 0, 0, 0, 9, 0, 1, 9, 50, 54, 45, 104, 6841, 4745, 3326, 2349, 1680, 2046, 573, 1419, 977, 669, 477, 1203, 1203, 404, 303, 249, 204, 169, 101
INVAR-1, Run: 070, P, 0, 10, 0, 0, 0, 51, 0, 0, 0, 100, 0, 0, 0, 0, 0, 6, 0, 0, 0, 9, 0, 1, 9, 50, 56, 32, 77, 3656, 2573, 1862, 1355, 980, 1033, 532, 711, 507, 375, 249, 731, 731, 364, 265, 209, 177, 168, 99
INVAR-1, Run: 071, P, 0, 10, 0, 0, 0, 51, 0, 0, 0, 100, 0, 0, 0, 0, 0, 6, 0, 0, 0, 9, 0, 1, 9, 50, 47, 32, 82, 3967, 2670, 1879, 1289, 894, 1247, 428, 791, 590, 395, 251, 643, 643, 316, 261, 214, 182, 112, 55
INVAR-1, Run: 072, P, 0, 10, 0, 0, 0, 51, 0, 0, 0, 100, 0, 0, 0, 0, 0, 6, 0, 0, 0, 9, 0, 1, 9, 50, 89, 52, 112, 3436, 2171, 1445, 980, 661, 1215, 696, 726, 465, 319, 209, 452, 452, 487, 353, 264, 212, 209, 134
INVAR-1, Run: 073, P, 0, 10, 0, 0, 0, 51, 0, 0, 0, 100, 0, 0, 0, 0, 0, 6, 0, 0, 0, 9, 0, 1, 9, 50, 38, 25, 35, 5528, 4249, 3247, 2524, 1986, 1229, 401, 1002, 723, 538, 407, 1579, 1579, 278, 198, 160, 135, 123, 80
INVAR-1, Run: 074, P, 0, 10, 0, 0, 0, 51, 0, 0, 0, 100, 0, 0, 0, 0, 0, 6, 0, 0, 0, 9, 0, 1, 9, 50, 87, 57, 106, 4270, 2890, 2005, 1409, 956, 1330, 677, 885, 596, 453, 266, 690, 690, 473, 350, 263, 206, 204, 123
INVAR-1, Run: 075, P, 0, 10, 0, 0, 0, 51, 0, 0, 0, 100, 0, 0, 0, 0, 0, 6, 0, 0, 0, 9, 0, 1, 9, 50, 54, 46, 68, 3968, 2609, 1833, 1266, 897, 1309, 555, 776, 567, 369, 272, 625, 625, 366, 268, 214, 168, 189, 98
INVAR-1, Run: 076, P, 0, 10, 0, 0, 0, 51, 0, 0, 0, 100, 0, 0, 0, 0, 0, 6, 0, 0, 0, 10, 1, 2, 10, 50, 51, 30, 44, 4878, 3438, 2464, 1768, 1307, 1390, 390, 974, 696, 461, 360, 947, 947, 290, 225, 174, 144, 100, 65
INVAR-1, Run: 077, P, 0, 10, 0, 0, 0, 51, 0, 0, 0, 100, 0, 0, 0, 0, 0, 6, 0, 0, 0, 9, 0, 1, 9, 50, 94, 63, 115, 3626, 2303, 1548, 1039, 705, 1273, 756, 755, 509, 334, 218, 487, 487, 517, 372, 278, 215, 239, 145
INVAR-1, Run: 078, P, 0, 10, 0, 0, 0, 51, 0, 0, 0, 100, 0, 0, 0, 0, 0, 6, 0, 0, 0, 9, 0, 1, 9, 50, 42, 32, 46, 4338, 3141, 2297, 1730, 1271, 1147, 526, 844, 567, 459, 308, 963, 963, 315, 220, 178, 146, 211, 95
INVAR-1, Run: 079, P, 0, 10, 0, 0, 0, 51, 0, 0, 0, 100, 0, 0, 0, 0, 0, 6, 0, 0, 0, 9, 0, 1, 9, 50, 55, 48, 109, 3990, 2736, 1934, 1367, 956, 1204, 537, 802, 567, 411, 296, 660, 660, 405, 312, 257, 209, 132, 93
INVAR-1, Run: 080, P, 0, 10, 0, 0, 0, 51, 0, 0, 0, 100, 0, 0, 0, 0, 0, 6, 0, 0, 0, 9, 0, 1, 9, 50, 80, 38, 58, 4573, 3099, 2191, 1562, 1149, 1424, 660, 908, 629, 413, 319, 830, 830, 416, 276, 196, 158, 244, 140
INVAR-1, Run: 081, P, 0, 0, 0, 10, 0, 51, 0, 0, 0, 100, 0, 0, 0, 0, 0, 6, 0, 0, 0, 9, 10, 1, 9, 50, 24, 18, 18, 5119, 3886, 3003, 2308, 1786, 1183, 251, 883, 695, 522, 408, 1378, 1378, 203, 160, 136, 118, 48, 43
INVAR-1, Run: 082, P, 0, 0, 0, 10, 0, 51, 0, 0, 0, 100, 0, 0, 0, 0, 0, 6, 0, 0, 0, 8, 9, 0, 8, 50, 92, 47, 104, 5003, 3538, 2570, 1854, 1368, 1415, 708, 968, 716, 486, 347, 1021, 1021, 496, 343, 251, 204, 212, 153
INVAR-1, Run: 083, P, 0, 10, 0, 0, 0, 51, 0, 0, 0, 100, 0, 0, 0, 0, 0, 6, 0, 0, 0, 9, 0, 1, 9, 50, 89, 51, 291, 2670, 1658, 1093, 711, 450, 962, 761, 565, 382, 261, 151, 299, 299, 635, 531, 442, 391, 126, 104
INVAR-1, Run: 084, P, 0, 0, 0, 10, 0, 51, 0, 0, 0, 100, 0, 0, 0, 0, 0, 6, 0, 0, 0, 15, 16, 7, 15, 50, 80, 46, 46, 2937, 1993, 1430, 1002, 729, 894, 591, 563, 428, 273, 193, 536, 536, 382, 272, 192, 146, 209, 110
INVAR-1, Run: 085, P, 0, 10, 0, 0, 0, 51, 0, 0, 0, 100, 0, 0, 0, 0, 0, 6, 0, 0, 0, 9, 0, 1, 9, 50, 86, 47, 114, 4759, 3284, 2291, 1602, 1112, 1425, 611, 993, 689, 490, 320, 792, 792, 448, 347, 261, 214, 163, 101
INVAR-1, Run: 086, P, 0, 0, 0, 10, 0, 51, 0, 0, 0, 100, 0, 0, 0, 0, 0, 6, 0, 0, 0, 9, 10, 1, 9, 50, 29, 14, 19, 5360, 3901, 2814, 2076, 1518, 1409, 270, 1087, 738, 558, 405, 1113, 1113, 208, 162, 133, 119, 62, 46
INVAR-1, Run: 087, P, 0, 10, 0, 0, 0, 51, 0, 0, 0, 100, 0, 0, 0, 0, 0, 6, 0, 0, 0, 9, 0, 1, 9, 50, 91, 35, 111, 3136, 2010, 1387, 923, 624, 1076, 707, 623, 464, 299, 214, 410, 410, 460, 337, 246, 211, 247, 123
INVAR-1, Run: 088, P, 0, 10, 0, 0, 0, 51, 0, 0, 0, 100, 0, 0, 0, 0, 0, 6, 0, 0, 0, 9, 0, 1, 9, 50, 39, 28, 47, 7732, 5810, 4461, 3407, 2625, 1872, 385, 1349, 1054, 782, 573, 2052, 2052, 273, 214, 175, 147, 112, 59
INVAR-1, Run: 089, P, 0, 10, 0, 0, 0, 51, 0, 0, 0, 100, 0, 0, 0, 0, 0, 6, 0, 0, 0, 9, 0, 1, 9, 50, 133, 66, 113, 4928, 3264, 2262, 1530, 1072, 1614, 945, 1002, 732, 458, 322, 750, 750, 603, 412, 279, 213, 342, 191
INVAR-1, Run: 090, P, 0, 10, 0, 0, 0, 51, 0, 0, 0, 100, 0, 0, 0, 0, 0, 6, 0, 0, 0, 9, 0, 1, 9, 50, 85, 37, 60, 4621, 3180, 2293, 1651, 1199, 1391, 595, 887, 642, 452, 313, 886, 886, 395, 282, 197, 160, 200, 113
INVAR-1, Run: 091, P, 0, 10, 0, 0, 0, 51, 0, 0, 0, 100, 0, 0, 0, 0, 0, 6, 0, 0, 0, 9, 0, 1, 9, 50, 89, 50, 49, 5395, 3786, 2729, 1937, 1405, 1559, 662, 1057, 792, 532, 353, 1052, 1052, 414, 288, 199, 149, 248, 126
INVAR-1, Run: 092, P, 10, 0, 0, 0, 0, 51, 0, 0, 0, 100, 0, 0, 0, 0, 0, 6, 0, 0, 0, 6, 7, 8, 6, 50, 83, 41, 78, 3962, 2647, 1775, 1228, 843, 1265, 662, 872, 547, 385, 239, 604, 604, 456, 302, 219, 178, 206, 154
INVAR-1, Run: 093, P, 0, 10, 0, 0, 0, 51, 0, 0, 0, 100, 0, 0, 0, 0, 0, 6, 0, 0, 0, 9, 0, 1, 9, 50, 64, 49, 86, 3671, 2512, 1766, 1293, 916, 1109, 637, 746, 473, 377, 251, 665, 665, 435, 299, 235, 186, 202, 136
INVAR-1, Run: 094, P, 0, 10, 0, 0, 0, 51, 0, 0, 0, 100, 0, 0, 0, 0, 0, 6, 0, 0, 0, 9, 0, 1, 9, 50, 76, 51, 101, 4774, 3489, 2543, 1890, 1398, 1235, 611, 946, 653, 492, 352, 1046, 1046, 444, 328, 252, 201, 167, 116
INVAR-1, Run: 095, P, 0, 10, 0, 0, 0, 51, 0, 0, 0, 100, 0, 0, 0, 0, 0, 6, 0, 0, 0, 9, 0, 1, 9, 50, 65, 33, 107, 5129, 3728, 2778, 2081, 1558, 1351, 667, 950, 697, 523, 372, 1186, 1186, 437, 305, 240, 207, 230, 132
INVAR-1, Run: 096, P, 0, 10, 0, 0, 0, 51, 0, 0, 0, 100, 0, 0, 0, 0, 0, 6, 0, 0, 0, 9, 0, 1, 9, 50, 84, 45, 51, 4082, 2946, 2173, 1589, 1207, 1086, 736, 773, 584, 382, 319, 888, 888, 415, 280, 196, 151, 321, 135
INVAR-1, Run: 097, P, 0, 10, 0, 0, 0, 51, 0, 0, 0, 100, 0, 0, 0, 0, 0, 6, 0, 0, 0, 9, 0, 1, 9, 50, 30, 18, 15, 5553, 4177, 3168, 2446, 1884, 1326, 328, 1009, 722, 562, 400, 1484, 1484, 227, 163, 133, 115, 101, 64
INVAR-1, Run: 098, P, 0, 10, 0, 0, 0, 51, 0, 0, 0, 100, 0, 0, 0, 0, 0, 6, 0, 0, 0, 9, 0, 1, 9, 50, 62, 37, 49, 4196, 2848, 1998, 1441, 1017, 1298, 558, 850, 557, 424, 296, 721, 721, 352, 248, 186, 149, 206, 104
INVAR-1, Run: 099, P, 0, 10, 0, 0, 0, 51, 0, 0, 0, 100, 0, 0, 0, 0, 0, 6, 0, 0, 0, 9, 0, 1, 9, 50, 146, 78, 251, 3679, 2291, 1452, 935, 603, 1338, 1104, 839, 517, 332, 212, 391, 391, 766, 575, 429, 351, 338, 191
INVAR-1, Run: 100, P, 0, 10, 0, 0, 0, 51, 0, 0, 0, 100, 0, 0, 0, 0, 0, 6, 0, 0, 0, 9, 0, 1, 9, 50, 113, 57, 104, 5607, 3886, 2791, 1987, 1444, 1671, 919, 1095, 804, 543, 385, 1059, 1059, 565, 374, 261, 204, 354, 191
INVAR-2, Run: 001, P, 0, 0, 0, 100, 0, 51, 0, 0, 0, 100, 0, 0, 0, 0, 0, 6, 0, 0, 0, 609, 619, 529, 609, 50, 87, 38, 57, 5551, 3854, 2753, 1964, 1385, 1647, 3005, 1101, 789, 579, 391, 994, 994, 577, 282, 195, 157, 2428, 295
INVAR-2, Run: 002, P, 0, 100, 0, 0, 0, 51, 0, 0, 0, 100, 0, 0, 0, 0, 0, 6, 0, 0, 0, 92, 2, 12, 92, 50, 92, 46, 149, 4416, 3003, 2116, 1488, 1042, 1363, 1784, 887, 628, 446, 322, 720, 720, 642, 387, 295, 249, 1142, 255
INVAR-2, Run: 003, P, 100, 0, 0, 0, 0, 51, 0, 0, 0, 100, 0, 0, 0, 0, 0, 6, 0, 0, 0, 95, 105, 115, 95, 50, 140, 80, 144, 3312, 2061, 1329, 889, 612, 1201, 2151, 732, 440, 277, 206, 406, 406, 803, 464, 324, 244, 1348, 339
INVAR-2, Run: 004, P, 0, 0, 0, 100, 0, 51, 0, 0, 0, 100, 0, 0, 0, 0, 0, 6, 0, 0, 0, 301, 311, 221, 301, 50, 79, 44, 59, 3640, 2389, 1646, 1177, 826, 1201, 2396, 743, 469, 351, 228, 598, 598, 556, 282, 203, 159, 1840, 274
INVAR-2, Run: 005, P, 0, 100, 0, 0, 0, 51, 0, 0, 0, 100, 0, 0, 0, 0, 0, 6, 0, 0, 0, 90, 0, 10, 90, 50, 167, 114, 222, 2668, 1463, 855, 522, 304, 1155, 1994, 608, 333, 218, 120, 184, 184, 928, 603, 436, 322, 1066, 325
INVAR-2, Run: 006, P, 0, 0, 0, 100, 0, 51, 0, 0, 0, 100, 0, 0, 0, 0, 0, 6, 0, 0, 0, 309, 319, 229, 309, 50, 131, 56, 131, 3850, 2370, 1556, 1031, 690, 1430, 2631, 814, 525, 341, 218, 472, 472, 761, 418, 287, 231, 1870, 343
INVAR-2, Run: 007, P, 100, 0, 0, 0, 0, 51, 0, 0, 0, 100, 0, 0, 0, 0, 0, 6, 0, 0, 0, 343, 353, 363, 343, 50, 108, 55, 98, 3764, 2525, 1750, 1225, 849, 1189, 2830, 775, 525, 376, 240, 609, 609, 717, 361, 253, 198, 2113, 356
INVAR-2, Run: 008, P, 0, 100, 0, 0, 0, 51, 0, 0, 0, 100, 0, 0, 0, 0, 0, 6, 0, 0, 0, 301, 211, 221, 301, 50, 118, 81, 153, 5110, 3255, 2116, 1435, 961, 1805, 2552, 1139, 681, 474, 319, 642, 642, 759, 452, 334, 253, 1793, 307
INVAR-2, Run: 009, P, 0, 0, 0, 100, 0, 51, 0, 0, 0, 100, 0, 0, 0, 0, 0, 6, 0, 0, 0, 319, 329, 239, 319, 50, 106, 51, 75, 5074, 3604, 2631, 1887, 1380, 1420, 2519, 973, 744, 507, 341, 1039, 1039, 635, 332, 226, 175, 1884, 303
INVAR-2, Run: 010, P, 0, 0, 0, 100, 0, 51, 0, 0, 0, 100, 0, 0, 0, 0, 0, 6, 0, 0, 0, 89, 99, 9, 89, 50, 124, 66, 116, 4385, 3014, 2149, 1520, 1095, 1321, 1975, 865, 629, 425, 304, 791, 791, 751, 406, 282, 216, 1224, 345
INVAR-2, Run: 011, P, 0, 0, 0, 100, 0, 51, 0, 0, 0, 100, 0, 0, 0, 0, 0, 6, 0, 0, 0, 91, 101, 11, 91, 50, 76, 62, 138, 4075, 2611, 1751, 1194, 822, 1414, 1691, 860, 557, 372, 257, 565, 565, 620, 376, 300, 238, 1071, 244
INVAR-2, Run: 012, P, 0, 0, 0, 100, 0, 51, 0, 0, 0, 100, 0, 0, 0, 0, 0, 6, 0, 0, 0, 93, 103, 13, 93, 50, 102, 43, 47, 4987, 3532, 2602, 1929, 1433, 1405, 1588, 930, 673, 496, 385, 1048, 1048, 528, 292, 190, 147, 1060, 236
INVAR-2, Run: 013, P, 0, 100, 0, 0, 0, 51, 0, 0, 0, 100, 0, 0, 0, 0, 0, 6, 0, 0, 0, 317, 227, 237, 317, 50, 83, 45, 55, 3461, 2344, 1621, 1130, 785, 1067, 2395, 723, 491, 345, 213, 572, 572, 588, 283, 200, 155, 1807, 305
INVAR-2, Run: 014, P, 0, 100, 0, 0, 0, 51, 0, 0, 0, 100, 0, 0, 0, 0, 0, 6, 0, 0, 0, 91, 1, 11, 91, 50, 60, 10, 15, 5305, 3945, 2979, 2294, 1775, 1310, 1352, 966, 685, 519, 420, 1355, 1355, 347, 185, 125, 115, 1005, 162
INVAR-2, Run: 015, P, 0, 100, 0, 0, 0, 51, 0, 0, 0, 100, 0, 0, 0, 0, 0, 6, 0, 0, 0, 685, 595, 605, 685, 50, 67, 22, 21, 4224, 3178, 2399, 1831, 1407, 996, 2884, 779, 568, 424, 338, 1069, 1069, 483, 210, 143, 121, 2401, 273
INVAR-2, Run: 016, P, 0, 0, 0, 100, 0, 51, 0, 0, 0, 100, 0, 0, 0, 0, 0, 6, 0, 0, 0, 90, 100, 10, 90, 50, 55, 23, 19, 5032, 3697, 2728, 1970, 1504, 1285, 1355, 969, 758, 466, 351, 1153, 1153, 384, 197, 142, 119, 971, 187
INVAR-2, Run: 017, P, 0, 100, 0, 0, 0, 51, 0, 0, 0, 100, 0, 0, 0, 0, 0, 6, 0, 0, 0, 90, 0, 10, 90, 50, 103, 53, 197, 3624, 2314, 1536, 1020, 697, 1260, 1861, 778, 516, 323, 226, 471, 471, 732, 453, 350, 297, 1129, 279
INVAR-2, Run: 018, P, 0, 100, 0, 0, 0, 51, 0, 0, 0, 100, 0, 0, 0, 0, 0, 6, 0, 0, 0, 198, 108, 118, 198, 50, 96, 52, 72, 4379, 3039, 2153, 1547, 1102, 1290, 2149, 886, 606, 445, 288, 814, 814, 599, 320, 224, 172, 1550, 279
INVAR-2, Run: 019, P, 100, 0, 0, 0, 0, 51, 0, 0, 0, 100, 0, 0, 0, 0, 0, 6, 0, 0, 0, 89, 99, 109, 89, 50, 70, 32, 77, 4427, 3143, 2243, 1611, 1206, 1234, 1581, 900, 632, 405, 327, 879, 879, 489, 279, 209, 177, 1092, 210
INVAR-2, Run: 020, P, 0, 100, 0, 0, 0, 51, 0, 0, 0, 100, 0, 0, 0, 0, 0, 6, 0, 0, 0, 193, 103, 113, 193, 50, 55, 22, 51, 4311, 3115, 2296, 1696, 1276, 1146, 2049, 819, 600, 420, 296, 980, 980, 473, 228, 173, 151, 1576, 245
INVAR-2, Run: 021, P, 0, 100, 0, 0, 0, 51, 0, 0, 0, 100, 0, 0, 0, 0, 0, 6, 0, 0, 0, 548, 458, 468, 548, 50, 70, 37, 58, 4856, 3715, 2834, 2212, 1738, 1091, 2909, 881, 622, 474, 364, 1374, 1374, 514, 265, 195, 158, 2395, 249
INVAR-2, Run: 022, P, 0, 100, 0, 0, 0, 51, 0, 0, 0, 100, 0, 0, 0, 0, 0, 6, 0, 0, 0, 95, 5, 15, 95, 50, 57, 22, 10, 5523, 4082, 3000, 2240, 1699, 1391, 1228, 1082, 760, 541, 367, 1332, 1332, 363, 189, 132, 110, 865, 174
INVAR-2, Run: 023, P, 0, 100, 0, 0, 0, 51, 0, 0, 0, 100, 0, 0, 0, 0, 0, 6, 0, 0, 0, 558, 468, 478, 558, 50, 92, 33, 62, 3432, 2292, 1564, 1071, 776, 1090, 3031, 728, 493, 295, 255, 521, 521, 563, 287, 195, 162, 2468, 276
INVAR-2, Run: 024, P, 0, 100, 0, 0, 0, 51, 0, 0, 0, 100, 0, 0, 0, 0, 0, 6, 0, 0, 0, 92, 2, 12, 92, 50, 115, 50, 99, 6067, 4144, 2875, 2017, 1404, 1873, 1751, 1269, 858, 613, 419, 985, 985, 629, 364, 249, 199, 1122, 265
INVAR-2, Run: 025, P, 0, 100, 0, 0, 0, 51, 0, 0, 0, 100, 0, 0, 0, 0, 0, 6, 0, 0, 0, 195, 105, 115, 195, 50, 127, 69, 227, 3760, 2290, 1458, 926, 619, 1420, 2483, 832, 532, 307, 207, 412, 412, 841, 523, 396, 327, 1642, 318
INVAR-2, Run: 026, P, 0, 0, 0, 100, 0, 51, 0, 0, 0, 100, 0, 0, 0, 0, 0, 6, 0, 0, 0, 89, 99, 9, 89, 50, 67, 33, 45, 4657, 3305, 2398, 1740, 1265, 1302, 1507, 907, 658, 475, 339, 926, 926, 439, 245, 178, 145, 1068, 194
INVAR-2, Run: 027, P, 0, 0, 0, 100, 0, 51, 0, 0, 0, 100, 0, 0, 0, 0, 0, 6, 0, 0, 0, 89, 99, 9, 89, 50, 58, 18, 12, 4636, 3544, 2771, 2180, 1714, 1042, 1545, 773, 591, 466, 362, 1352, 1352, 408, 188, 130, 112, 1137, 220
INVAR-2, Run: 028, P, 0, 0, 0, 100, 0, 51, 0, 0, 0, 100, 0, 0, 0, 0, 0, 6, 0, 0, 0, 95, 105, 15, 95, 50, 111, 51, 114, 4517, 3027, 2063, 1424, 986, 1440, 1767, 964, 639, 438, 310, 676, 676, 642, 376, 265, 214, 1125, 266
INVAR-2, Run: 029, P, 0, 0, 0, 100, 0, 51, 0, 0, 0, 100, 0, 0, 0, 0, 0, 6, 0, 0, 0, 536, 546, 456, 536, 50, 76, 42, 56, 4630, 3226, 2339, 1718, 1298, 1354, 2891, 887, 621, 420, 354, 944, 944, 614, 274, 198, 156, 2277, 340
INVAR-2, Run: 030, P, 100, 0, 0, 0, 0, 51, 0, 0, 0, 100, 0, 0, 0, 0, 0, 6, 0, 0, 0, 93, 103, 113, 93, 50, 133, 77, 161, 2984, 1886, 1284, 856, 618, 1048, 1957, 602, 428, 238, 188, 430, 430, 788, 471, 338, 261, 1169, 317
INVAR-2, Run: 031, P, 0, 0, 0, 100, 0, 51, 0, 0, 0, 100, 0, 0, 0, 0, 0, 6, 0, 0, 0, 695, 705, 615, 695, 50, 110, 59, 83, 4903, 3397, 2417, 1753, 1265, 1456, 3015, 980, 664, 488, 343, 922, 922, 627, 352, 242, 183, 2388, 275
INVAR-2, Run: 032, P, 0, 0, 0, 100, 0, 51, 0, 0, 0, 100, 0, 0, 0, 0, 0, 6, 0, 0, 0, 298, 308, 218, 298, 50, 123, 58, 139, 4134, 2657, 1739, 1164, 785, 1427, 2791, 918, 575, 379, 233, 552, 552, 761, 420, 297, 239, 2030, 341
INVAR-2, Run: 033, P, 0, 0, 0, 100, 0, 51, 0, 0, 0, 100, 0, 0, 0, 0, 0, 6, 0, 0, 0, 432, 442, 352, 432, 50, 112, 74, 180, 2611, 1605, 991, 641, 439, 956, 3009, 614, 350, 202, 160, 279, 279, 815, 466, 354, 280, 2194, 349
INVAR-2, Run: 034, P, 0, 0, 0, 100, 0, 51, 0, 0, 0, 100, 0, 0, 0, 0, 0, 6, 0, 0, 0, 90, 100, 10, 90, 50, 126, 72, 154, 2254, 1236, 762, 466, 290, 968, 1946, 474, 296, 176, 97, 193, 193, 793, 452, 326, 254, 1153, 341
INVAR-2, Run: 035, P, 0, 0, 0, 100, 0, 51, 0, 0, 0, 100, 0, 0, 0, 0, 0, 6, 0, 0, 0, 95, 105, 15, 95, 50, 103, 41, 75, 4581, 3191, 2250, 1599, 1133, 1340, 1817, 941, 651, 466, 332, 801, 801, 581, 319, 216, 175, 1236, 262
INVAR-2, Run: 036, P, 100, 0, 0, 0, 0, 51, 0, 0, 0, 100, 0, 0, 0, 0, 0, 6, 0, 0, 0, 93, 103, 113, 93, 50, 81, 28, 40, 4683, 3382, 2448, 1813, 1300, 1251, 1733, 934, 635, 513, 326, 974, 974, 500, 249, 168, 140, 1233, 251
INVAR-2, Run: 037, P, 100, 0, 0, 0, 0, 51, 0, 0, 0, 100, 0, 0, 0, 0, 0, 6, 0, 0, 0, 396, 406, 416, 396, 50, 97, 41, 30, 6290, 4688, 3499, 2636, 1961, 1552, 2865, 1189, 863, 675, 442, 1519, 1519, 581, 268, 171, 130, 2284, 313
INVAR-2, Run: 038, P, 0, 0, 0, 100, 0, 51, 0, 0, 0, 100, 0, 0, 0, 0, 0, 6, 0, 0, 0, 597, 607, 517, 597, 50, 74, 38, 61, 2616, 1726, 1179, 850, 599, 840, 2855, 547, 329, 251, 172, 427, 427, 516, 273, 199, 161, 2339, 243
INVAR-2, Run: 039, P, 100, 0, 0, 0, 0, 51, 0, 0, 0, 100, 0, 0, 0, 0, 0, 6, 0, 0, 0, 93, 103, 113, 93, 50, 96, 58, 64, 3842, 2599, 1824, 1316, 959, 1193, 1722, 775, 508, 357, 229, 730, 730, 577, 318, 222, 164, 1145, 259
INVAR-2, Run: 040, P, 0, 0, 0, 100, 0, 51, 0, 0, 0, 100, 0, 0, 0, 0, 0, 6, 0, 0, 0, 92, 102, 12, 92, 50, 70, 35, 37, 4547, 3213, 2290, 1660, 1164, 1284, 1496, 923, 630, 496, 315, 849, 849, 459, 242, 172, 137, 1037, 217
INVAR-2, Run: 041, P, 0, 0, 0, 100, 0, 51, 0, 0, 0, 100, 0, 0, 0, 0, 0, 6, 0, 0, 0, 90, 100, 10, 90, 50, 73, 40, 28, 4926, 3574, 2642, 1950, 1490, 1302, 1508, 932, 692, 460, 352, 1138, 1138, 501, 241, 168, 128, 1007, 260
INVAR-2, Run: 042, P, 100, 0, 0, 0, 0, 51, 0, 0, 0, 100, 0, 0, 0, 0, 0, 6, 0, 0, 0, 226, 236, 246, 226, 50, 104, 47, 62, 3175, 2144, 1538, 1081, 775, 981, 2469, 606, 457, 306, 235, 540, 540, 641, 313, 209, 162, 1828, 328
INVAR-2, Run: 043, P, 0, 0, 0, 100, 0, 51, 0, 0, 0, 100, 0, 0, 0, 0, 0, 6, 0, 0, 0, 92, 102, 12, 92, 50, 125, 63, 110, 4080, 2706, 1901, 1342, 974, 1324, 1914, 805, 559, 368, 299, 675, 675, 705, 398, 273, 210, 1209, 307
INVAR-2, Run: 044, P, 0, 100, 0, 0, 0, 51, 0, 0, 0, 100, 0, 0, 0, 0, 0, 6, 0, 0, 0, 92, 2, 12, 92, 50, 145, 82, 222, 3155, 1872, 1153, 706, 454, 1233, 1949, 719, 447, 252, 170, 284, 284, 856, 549, 404, 322, 1093, 307
INVAR-2, Run: 045, P, 0, 0, 0, 100, 0, 51, 0, 0, 0, 100, 0, 0, 0, 0, 0, 6, 0, 0, 0, 93, 103, 13, 93, 50, 61, 19, 13, 4001, 2877, 2080, 1520, 1109, 1074, 1377, 797, 560, 411, 287, 822, 822, 413, 193, 132, 113, 964, 220
INVAR-2, Run: 046, P, 0, 0, 0, 100, 0, 51, 0, 0, 0, 100, 0, 0, 0, 0, 0, 6, 0, 0, 0, 99, 109, 19, 99, 50, 95, 41, 60, 4239, 2850, 1999, 1430, 1065, 1339, 1672, 851, 569, 365, 288, 777, 777, 557, 296, 201, 160, 1115, 261
INVAR-2, Run: 047, P, 0, 100, 0, 0, 0, 51, 0, 0, 0, 100, 0, 0, 0, 0, 0, 6, 0, 0, 0, 309, 219, 229, 309, 50, 110, 51, 118, 3582, 2282, 1517, 1005, 712, 1250, 2587, 765, 512, 293, 229, 483, 483, 669, 379, 269, 218, 1918, 290
INVAR-2, Run: 048, P, 100, 0, 0, 0, 0, 51, 0, 0, 0, 100, 0, 0, 0, 0, 0, 6, 0, 0, 0, 326, 336, 346, 326, 50, 100, 27, 29, 4459, 3234, 2441, 1811, 1369, 1175, 2720, 793, 630, 442, 349, 1020, 1020, 569, 256, 156, 129, 2151, 313
INVAR-2, Run: 049, P, 100, 0, 0, 0, 0, 51, 0, 0, 0, 100, 0, 0, 0, 0, 0, 6, 0, 0, 0, 93, 103, 113, 93, 50, 98, 46, 86, 3985, 2682, 1856, 1295, 921, 1253, 1752, 826, 561, 374, 270, 651, 651, 604, 330, 232, 186, 1148, 274
INVAR-2, Run: 050, P, 0, 0, 0, 100, 0, 51, 0, 0, 0, 100, 0, 0, 0, 0, 0, 6, 0, 0, 0, 93, 103, 13, 93, 50, 103, 51, 111, 4299, 2778, 1862, 1224, 846, 1471, 1482, 916, 638, 378, 285, 561, 561, 615, 365, 262, 211, 867, 250
INVAR-2, Run: 051, P, 0, 100, 0, 0, 0, 51, 0, 0, 0, 100, 0, 0, 0, 0, 0, 6, 0, 0, 0, 545, 455, 465, 545, 50, 96, 49, 61, 3558, 2393, 1651, 1184, 843, 1115, 3004, 742, 467, 341, 235, 608, 608, 587, 306, 210, 161, 2417, 281
INVAR-2, Run: 052, P, 0, 100, 0, 0, 0, 51, 0, 0, 0, 100, 0, 0, 0, 0, 0, 6, 0, 0, 0, 90, 0, 10, 90, 50, 85, 25, 24, 5113, 3849, 2938, 2242, 1718, 1214, 1848, 911, 696, 524, 416, 1302, 1302, 537, 234, 149, 124, 1311, 303
INVAR-2, Run: 053, P, 0, 100, 0, 0, 0, 51, 0, 0, 0, 100, 0, 0, 0, 0, 0, 6, 0, 0, 0, 90, 0, 10, 90, 50, 112, 65, 92, 3289, 2074, 1373, 948, 656, 1165, 1878, 701, 425, 292, 209, 447, 447, 668, 369, 257, 192, 1210, 299
INVAR-2, Run: 054, P, 100, 0, 0, 0, 0, 51, 0, 0, 0, 100, 0, 0, 0, 0, 0, 6, 0, 0, 0, 96, 106, 116, 96, 50, 92, 58, 85, 4787, 3296, 2321, 1659, 1180, 1441, 1853, 975, 662, 479, 298, 882, 882, 610, 335, 243, 185, 1243, 275
INVAR-2, Run: 055, P, 100, 0, 0, 0, 0, 51, 0, 0, 0, 100, 0, 0, 0, 0, 0, 6, 0, 0, 0, 197, 207, 217, 197, 50, 77, 35, 33, 4900, 3400, 2430, 1773, 1298, 1450, 2010, 970, 657, 475, 315, 983, 983, 512, 245, 168, 133, 1498, 267
INVAR-2, Run: 056, P, 0, 0, 0, 100, 0, 51, 0, 0, 0, 100, 0, 0, 0, 0, 0, 6, 0, 0, 0, 90, 100, 10, 90, 50, 87, 47, 95, 3883, 2622, 1818, 1275, 851, 1211, 1571, 804, 543, 424, 262, 589, 589, 557, 329, 242, 195, 1014, 228
INVAR-2, Run: 057, P, 0, 100, 0, 0, 0, 51, 0, 0, 0, 100, 0, 0, 0, 0, 0, 6, 0, 0, 0, 91, 1, 11, 91, 50, 62, 24, 23, 5292, 3898, 2900, 2156, 1595, 1344, 1234, 998, 744, 561, 363, 1232, 1232, 396, 209, 147, 123, 838, 187
INVAR-2, Run: 058, P, 0, 100, 0, 0, 0, 51, 0, 0, 0, 100, 0, 0, 0, 0, 0, 6, 0, 0, 0, 91, 1, 11, 91, 50, 63, 33, 32, 4780, 3564, 2622, 1953, 1485, 1166, 1470, 942, 669, 468, 341, 1144, 1144, 458, 228, 165, 132, 1012, 230
INVAR-2, Run: 059, P, 0, 0, 0, 100, 0, 51, 0, 0, 0, 100, 0, 0, 0, 0, 0, 6, 0, 0, 0, 89, 99, 9, 89, 50, 73, 42, 54, 4112, 2921, 2101, 1522, 1128, 1141, 1613, 820, 579, 394, 300, 828, 828, 480, 269, 196, 154, 1133, 211
INVAR-2, Run: 060, P, 100, 0, 0, 0, 0, 51, 0, 0, 0, 100, 0, 0, 0, 0, 0, 6, 0, 0, 0, 92, 102, 112, 92, 50, 99, 43, 73, 3253, 2182, 1531, 1056, 750, 1021, 1840, 651, 475, 306, 209, 541, 541, 602, 315, 216, 173, 1238, 287
INVAR-2, Run: 061, P, 0, 0, 0, 100, 0, 51, 0, 0, 0, 100, 0, 0, 0, 0, 0, 6, 0, 0, 0, 304, 314, 224, 304, 50, 71, 27, 41, 3631, 2524, 1757, 1276, 922, 1057, 2230, 767, 481, 354, 268, 654, 654, 488, 239, 168, 141, 1742, 249
INVAR-2, Run: 062, P, 0, 100, 0, 0, 0, 51, 0, 0, 0, 100, 0, 0, 0, 0, 0, 6, 0, 0, 0, 90, 0, 10, 90, 50, 60, 31, 108, 2858, 1873, 1239, 814, 567, 935, 1558, 634, 425, 247, 174, 393, 393, 494, 299, 239, 208, 1064, 195
INVAR-2, Run: 063, P, 0, 100, 0, 0, 0, 51, 0, 0, 0, 100, 0, 0, 0, 0, 0, 6, 0, 0, 0, 630, 540, 550, 630, 50, 39, 15, 24, 5645, 4212, 3245, 2539, 1971, 1383, 2881, 967, 706, 568, 430, 1541, 1541, 382, 178, 139, 124, 2499, 204
INVAR-2, Run: 064, P, 0, 0, 0, 100, 0, 51, 0, 0, 0, 100, 0, 0, 0, 0, 0, 6, 0, 0, 0, 92, 102, 12, 92, 50, 79, 42, 86, 4195, 2957, 2052, 1474, 1051, 1188, 1623, 905, 578, 423, 296, 755, 755, 556, 307, 228, 186, 1067, 249
INVAR-2, Run: 065, P, 0, 100, 0, 0, 0, 51, 0, 0, 0, 100, 0, 0, 0, 0, 0, 6, 0, 0, 0, 93, 3, 13, 93, 50, 117, 46, 38, 5203, 3748, 2754, 2029, 1549, 1405, 1859, 994, 725, 480, 382, 1167, 1167, 584, 301, 184, 138, 1275, 283
INVAR-2, Run: 066, P, 0, 100, 0, 0, 0, 51, 0, 0, 0, 100, 0, 0, 0, 0, 0, 6, 0, 0, 0, 294, 204, 214, 294, 50, 138, 65, 83, 3203, 2102, 1453, 1024, 711, 1051, 2843, 649, 429, 313, 219, 492, 492, 772, 386, 248, 183, 2071, 386
INVAR-2, Run: 067, P, 0, 100, 0, 0, 0, 51, 0, 0, 0, 100, 0, 0, 0, 0, 0, 6, 0, 0, 0, 192, 102, 112, 192, 50, 117, 57, 96, 3415, 2243, 1488, 1006, 722, 1122, 2390, 755, 482, 284, 215, 507, 507, 705, 370, 253, 196, 1685, 335
INVAR-2, Run: 068, P, 0, 0, 0, 100, 0, 51, 0, 0, 0, 100, 0, 0, 0, 0, 0, 6, 0, 0, 0, 91, 101, 11, 91, 50, 95, 49, 50, 5349, 3707, 2639, 1855, 1354, 1592, 2007, 1068, 784, 501, 365, 989, 989, 629, 294, 199, 150, 1378, 335
INVAR-2, Run: 069, P, 100, 0, 0, 0, 0, 51, 0, 0, 0, 100, 0, 0, 0, 0, 0, 6, 0, 0, 0, 96, 106, 116, 96, 50, 143, 71, 154, 4104, 2696, 1780, 1209, 811, 1358, 2137, 916, 571, 398, 254, 557, 557, 791, 468, 325, 254, 1346, 323
INVAR-2, Run: 070, P, 0, 100, 0, 0, 0, 51, 0, 0, 0, 100, 0, 0, 0, 0, 0, 6, 0, 0, 0, 192, 102, 112, 192, 50, 131, 79, 194, 4152, 2738, 1819, 1206, 807, 1364, 2607, 919, 613, 399, 246, 561, 561, 875, 504, 373, 294, 1732, 371
INVAR-2, Run: 071, P, 0, 0, 0, 100, 0, 51, 0, 0, 0, 100, 0, 0, 0, 0, 0, 6, 0, 0, 0, 97, 107, 17, 97, 50, 95, 56, 56, 3380, 2225, 1512, 1032, 723, 1105, 1524, 713, 480, 309, 216, 507, 507, 550, 307, 212, 156, 974, 243
INVAR-2, Run: 072, P, 100, 0, 0, 0, 0, 51, 0, 0, 0, 100, 0, 0, 0, 0, 0, 6, 0, 0, 0, 191, 201, 211, 191, 50, 61, 21, 22, 4143, 2924, 2133, 1518, 1072, 1169, 1768, 791, 615, 446, 328, 744, 744, 431, 204, 143, 122, 1337, 227
INVAR-2, Run: 073, P, 100, 0, 0, 0, 0, 51, 0, 0, 0, 100, 0, 0, 0, 0, 0, 6, 0, 0, 0, 93, 103, 113, 93, 50, 97, 39, 66, 3805, 2560, 1768, 1257, 902, 1195, 1722, 792, 511, 355, 273, 629, 629, 578, 302, 205, 166, 1144, 276
INVAR-2, Run: 074, P, 0, 100, 0, 0, 0, 51, 0, 0, 0, 100, 0, 0, 0, 0, 0, 6, 0, 0, 0, 192, 102, 112, 192, 50, 64, 28, 54, 3784, 2668, 1919, 1330, 961, 1066, 2052, 749, 589, 369, 263, 698, 698, 490, 246, 182, 154, 1562, 244
INVAR-2, Run: 075, P, 0, 100, 0, 0, 0, 51, 0, 0, 0, 100, 0, 0, 0, 0, 0, 6, 0, 0, 0, 90, 0, 10, 90, 50, 111, 65, 103, 3942, 2610, 1742, 1193, 811, 1282, 1925, 868, 549, 382, 249, 562, 562, 681, 379, 268, 203, 1244, 302
INVAR-2, Run: 076, P, 100, 0, 0, 0, 0, 51, 0, 0, 0, 100, 0, 0, 0, 0, 0, 6, 0, 0, 0, 734, 744, 754, 734, 50, 83, 36, 38, 5336, 3641, 2613, 1914, 1400, 1645, 3156, 1028, 699, 514, 373, 1027, 1027, 555, 257, 174, 138, 2601, 298
INVAR-2, Run: 077, P, 0, 100, 0, 0, 0, 51, 0, 0, 0, 100, 0, 0, 0, 0, 0, 6, 0, 0, 0, 91, 1, 11, 91, 50, 87, 47, 41, 5054, 3594, 2593, 1856, 1347, 1410, 1608, 1001, 737, 509, 377, 970, 970, 538, 275, 188, 141, 1070, 263
INVAR-2, Run: 078, P, 100, 0, 0, 0, 0, 51, 0, 0, 0, 100, 0, 0, 0, 0, 0, 6, 0, 0, 0, 198, 208, 218, 198, 50, 77, 39, 40, 4490, 3146, 2286, 1644, 1223, 1294, 1950, 860, 642, 421, 290, 933, 933, 511, 256, 179, 140, 1439, 255
INVAR-2, Run: 079, P, 0, 0, 0, 100, 0, 51, 0, 0, 0, 100, 0, 0, 0, 0, 0, 6, 0, 0, 0, 98, 108, 18, 98, 50, 83, 35, 47, 4953, 3606, 2685, 2032, 1491, 1297, 1445, 921, 653, 541, 366, 1125, 1125, 478, 265, 182, 147, 967, 213
INVAR-2, Run: 080, P, 0, 0, 0, 100, 0, 51, 0, 0, 0, 100, 0, 0, 0, 0, 0, 6, 0, 0, 0, 91, 101, 11, 91, 50, 141, 57, 67, 3743, 2365, 1597, 1093, 747, 1328, 2051, 768, 504, 346, 238, 509, 509, 705, 365, 224, 167, 1346, 340
INVAR-2, Run: 081, P, 0, 100, 0, 0, 0, 51, 0, 0, 0, 100, 0, 0, 0, 0, 0, 6, 0, 0, 0, 92, 2, 12, 92, 50, 71, 38, 32, 5310, 3779, 2731, 2027, 1472, 1481, 1525, 1048, 704, 555, 390, 1082, 1082, 437, 241, 170, 132, 1088, 196
INVAR-2, Run: 082, P, 0, 100, 0, 0, 0, 51, 0, 0, 0, 100, 0, 0, 0, 0, 0, 6, 0, 0, 0, 202, 112, 122, 202, 50, 90, 34, 26, 4290, 3153, 2394, 1852, 1422, 1087, 2035, 759, 542, 430, 334, 1088, 1088, 486, 250, 160, 126, 1549, 236
INVAR-2, Run: 083, P, 0, 0, 0, 100, 0, 51, 0, 0, 0, 100, 0, 0, 0, 0, 0, 6, 0, 0, 0, 209, 219, 129, 209, 50, 103, 53, 70, 3886, 2661, 1910, 1364, 951, 1175, 2354, 751, 546, 413, 287, 664, 664, 648, 326, 223, 170, 1706, 322
INVAR-2, Run: 084, P, 100, 0, 0, 0, 0, 51, 0, 0, 0, 100, 0, 0, 0, 0, 0, 6, 0, 0, 0, 303, 313, 323, 303, 50, 68, 37, 45, 3473, 2454, 1758, 1278, 934, 969, 2348, 696, 480, 344, 250, 684, 684, 509, 250, 182, 145, 1839, 259
INVAR-2, Run: 085, P, 0, 100, 0, 0, 0, 51, 0, 0, 0, 100, 0, 0, 0, 0, 0, 6, 0, 0, 0, 92, 2, 12, 92, 50, 85, 41, 48, 5254, 3658, 2622, 1955, 1442, 1546, 1800, 1036, 667, 513, 367, 1075, 1075, 526, 274, 189, 148, 1274, 252
INVAR-2, Run: 086, P, 100, 0, 0, 0, 0, 51, 0, 0, 0, 100, 0, 0, 0, 0, 0, 6, 0, 0, 0, 323, 333, 343, 323, 50, 46, 16, 11, 5026, 3739, 2812, 2172, 1646, 1237, 2093, 927, 640, 526, 370, 1276, 1276, 386, 173, 127, 111, 1707, 213
INVAR-2, Run: 087, P, 100, 0, 0, 0, 0, 51, 0, 0, 0, 100, 0, 0, 0, 0, 0, 6, 0, 0, 0, 1330, 1340, 1350, 1330, 50, 73, 43, 119, 4388, 3040, 2192, 1582, 1100, 1298, 3725, 848, 610, 482, 332, 768, 768, 655, 335, 262, 219, 3070, 320
INVAR-2, Run: 088, P, 100, 0, 0, 0, 0, 51, 0, 0, 0, 100, 0, 0, 0, 0, 0, 6, 0, 0, 0, 89, 99, 109, 89, 50, 95, 38, 77, 4067, 2788, 1945, 1360, 975, 1229, 1749, 843, 585, 385, 300, 675, 675, 590, 310, 215, 177, 1159, 280
INVAR-2, Run: 089, P, 100, 0, 0, 0, 0, 51, 0, 0, 0, 100, 0, 0, 0, 0, 0, 6, 0, 0, 0, 548, 558, 568, 548, 50, 74, 40, 48, 4600, 3234, 2269, 1639, 1153, 1316, 2801, 965, 630, 486, 314, 839, 839, 567, 262, 188, 148, 2234, 305
INVAR-2, Run: 090, P, 100, 0, 0, 0, 0, 51, 0, 0, 0, 100, 0, 0, 0, 0, 0, 6, 0, 0, 0, 88, 98, 108, 88, 50, 83, 39, 89, 6225, 4397, 3134, 2266, 1622, 1778, 1457, 1263, 868, 644, 444, 1178, 1178, 556, 311, 228, 189, 901, 245
INVAR-2, Run: 091, P, 100, 0, 0, 0, 0, 51, 0, 0, 0, 100, 0, 0, 0, 0, 0, 6, 0, 0, 0, 91, 101, 111, 91, 50, 96, 38, 41, 5088, 3828, 2959, 2326, 1841, 1210, 1781, 869, 633, 485, 406, 1435, 1435, 550, 275, 179, 141, 1231, 275
INVAR-2, Run: 092, P, 0, 100, 0, 0, 0, 51, 0, 0, 0, 100, 0, 0, 0, 0, 0, 6, 0, 0, 0, 321, 231, 241, 321, 50, 78, 37, 14, 4393, 3303, 2546, 1973, 1550, 1040, 2476, 757, 573, 423, 321, 1229, 1229, 514, 229, 151, 114, 1962, 285
INVAR-2, Run: 093, P, 0, 0, 0, 100, 0, 51, 0, 0, 0, 100, 0, 0, 0, 0, 0, 6, 0, 0, 0, 196, 206, 116, 196, 50, 116, 38, 70, 3616, 2399, 1598, 1047, 730, 1167, 2643, 801, 551, 317, 215, 515, 515, 692, 324, 208, 170, 1951, 368
INVAR-2, Run: 094, P, 100, 0, 0, 0, 0, 51, 0, 0, 0, 100, 0, 0, 0, 0, 0, 6, 0, 0, 0, 93, 103, 113, 93, 50, 84, 32, 29, 3855, 2765, 2032, 1493, 1118, 1040, 1625, 733, 539, 375, 305, 813, 813, 539, 245, 161, 129, 1086, 294
INVAR-2, Run: 095, P, 0, 100, 0, 0, 0, 51, 0, 0, 0, 100, 0, 0, 0, 0, 0, 6, 0, 0, 0, 196, 106, 116, 196, 50, 77, 38, 74, 4023, 2804, 1969, 1414, 1025, 1169, 2004, 835, 555, 389, 295, 730, 730, 525, 289, 212, 174, 1479, 236
INVAR-2, Run: 096, P, 0, 0, 0, 100, 0, 51, 0, 0, 0, 100, 0, 0, 0, 0, 0, 6, 0, 0, 0, 550, 560, 470, 550, 50, 81, 29, 33, 3602, 2405, 1681, 1207, 827, 1147, 2732, 724, 474, 380, 214, 613, 613, 514, 243, 162, 133, 2218, 271
INVAR-2, Run: 097, P, 100, 0, 0, 0, 0, 51, 0, 0, 0, 100, 0, 0, 0, 0, 0, 6, 0, 0, 0, 99, 109, 119, 99, 50, 82, 27, 28, 3715, 2639, 1933, 1424, 1058, 1026, 1719, 706, 509, 366, 251, 807, 807, 487, 237, 155, 128, 1232, 250
INVAR-2, Run: 098, P, 100, 0, 0, 0, 0, 51, 0, 0, 0, 100, 0, 0, 0, 0, 0, 6, 0, 0, 0, 96, 106, 116, 96, 50, 84, 61, 150, 3280, 2038, 1335, 880, 562, 1192, 1703, 703, 455, 318, 185, 377, 377, 622, 395, 311, 250, 1081, 227
INVAR-2, Run: 099, P, 0, 0, 0, 100, 0, 51, 0, 0, 0, 100, 0, 0, 0, 0, 0, 6, 0, 0, 0, 94, 104, 14, 94, 50, 93, 31, 36, 3457, 2341, 1636, 1141, 802, 1066, 1624, 705, 495, 339, 243, 559, 559, 519, 260, 167, 136, 1105, 259
INVAR-2, Run: 100, P, 0, 100, 0, 0, 0, 51, 0, 0, 0, 100, 0, 0, 0, 0, 0, 6, 0, 0, 0, 198, 108, 118, 198, 50, 102, 50, 124, 4501, 3036, 2130, 1488, 1012, 1415, 2255, 906, 642, 476, 288, 724, 724, 664, 376, 274, 224, 1591, 288
INVAR-3, Run: 001, P, 0, 0, 0, 1000, 0, 51, 0, 0, 0, 100, 0, 0, 0, 0, 0, 6, 0, 0, 0, 3015, 3115, 2215, 3015, 50, 100, 47, 43, 3801, 2595, 1860, 1338, 994, 1156, 3684, 735, 522, 344, 288, 706, 706, 581, 290, 190, 143, 3103, 291
INVAR-3, Run: 002, P, 0, 0, 0, 1000, 0, 51, 0, 0, 0, 100, 0, 0, 0, 0, 0, 6, 0, 0, 0, 4014, 4114, 3214, 4014, 50, 95, 37, 64, 4813, 3341, 2313, 1649, 1182, 1422, 4179, 1028, 664, 467, 324, 858, 858, 617, 296, 201, 164, 3562, 321
INVAR-3, Run: 003, P, 1000, 0, 0, 0, 0, 51, 0, 0, 0, 100, 0, 0, 0, 0, 0, 6, 0, 0, 0, 9338, 9438, 9538, 9338, 50, 144, 60, 116, 3725, 2496, 1727, 1219, 893, 1179, 4692, 769, 508, 326, 264, 629, 629, 755, 420, 276, 216, 3937, 335
INVAR-3, Run: 004, P, 0, 1000, 0, 0, 0, 51, 0, 0, 0, 100, 0, 0, 0, 0, 0, 6, 0, 0, 0, 8296, 7396, 7496, 8296, 50, 108, 46, 71, 3563, 2413, 1698, 1237, 886, 1100, 4450, 715, 461, 351, 209, 677, 677, 619, 325, 217, 171, 3831, 294
INVAR-3, Run: 005, P, 0, 0, 0, 1000, 0, 51, 0, 0, 0, 100, 0, 0, 0, 0, 0, 6, 0, 0, 0, 5038, 5138, 4238, 5038, 50, 33, 10, 7, 4148, 3119, 2388, 1816, 1381, 979, 3609, 731, 572, 435, 305, 1076, 1076, 343, 150, 117, 107, 3266, 193
INVAR-3, Run: 006, P, 1000, 0, 0, 0, 0, 51, 0, 0, 0, 100, 0, 0, 0, 0, 0, 6, 0, 0, 0, 5171, 5271, 5371, 5171, 50, 118, 57, 126, 3837, 2557, 1781, 1247, 888, 1230, 4556, 776, 534, 359, 256, 632, 632, 785, 401, 283, 226, 3771, 384
INVAR-3, Run: 007, P, 0, 0, 0, 1000, 0, 51, 0, 0, 0, 100, 0, 0, 0, 0, 0, 6, 0, 0, 0, 11283, 11383, 10483, 11283, 50, 95, 49, 58, 3312, 2242, 1514, 1055, 746, 1020, 4576, 728, 459, 309, 227, 519, 519, 593, 302, 207, 158, 3983, 291
INVAR-3, Run: 008, P, 0, 1000, 0, 0, 0, 51, 0, 0, 0, 100, 0, 0, 0, 0, 0, 6, 0, 0, 0, 16241, 15341, 15441, 16241, 50, 142, 58, 142, 3331, 2088, 1375, 898, 623, 1193, 5081, 713, 477, 275, 200, 423, 423, 798, 442, 300, 242, 4283, 356
INVAR-3, Run: 009, P, 0, 1000, 0, 0, 0, 51, 0, 0, 0, 100, 0, 0, 0, 0, 0, 6, 0, 0, 0, 18324, 17424, 17524, 18324, 50, 73, 42, 55, 3215, 2333, 1736, 1296, 974, 832, 4867, 597, 440, 322, 246, 728, 728, 555, 270, 197, 155, 4312, 285
INVAR-3, Run: 010, P, 1000, 0, 0, 0, 0, 51, 0, 0, 0, 100, 0, 0, 0, 0, 0, 6, 0, 0, 0, 5234, 5334, 5434, 5234, 50, 78, 40, 59, 3676, 2528, 1783, 1260, 914, 1098, 3945, 745, 523, 346, 260, 654, 654, 529, 277, 199, 159, 3416, 252
INVAR-3, Run: 011, P, 0, 1000, 0, 0, 0, 51, 0, 0, 0, 100, 0, 0, 0, 0, 0, 6, 0, 0, 0, 7203, 6303, 6403, 7203, 50, 61, 28, 41, 3411, 2396, 1719, 1248, 913, 965, 4057, 677, 471, 335, 240, 673, 673, 464, 230, 169, 141, 3593, 234
INVAR-3, Run: 012, P, 0, 0, 0, 1000, 0, 51, 0, 0, 0, 100, 0, 0, 0, 0, 0, 6, 0, 0, 0, 19331, 19431, 18531, 19331, 50, 67, 40, 37, 4813, 3466, 2536, 1886, 1402, 1297, 4940, 930, 650, 484, 353, 1049, 1049, 505, 244, 177, 137, 4435, 261
INVAR-3, Run: 013, P, 0, 1000, 0, 0, 0, 51, 0, 0, 0, 100, 0, 0, 0, 0, 0, 6, 0, 0, 0, 5096, 4196, 4296, 5096, 50, 83, 38, 117, 5438, 3667, 2539, 1721, 1223, 1721, 4157, 1128, 818, 498, 369, 854, 854, 647, 338, 255, 217, 3510, 309
INVAR-3, Run: 014, P, 0, 0, 0, 1000, 0, 51, 0, 0, 0, 100, 0, 0, 0, 0, 0, 6, 0, 0, 0, 8426, 8526, 7626, 8426, 50, 88, 41, 71, 4602, 3086, 2152, 1504, 1103, 1466, 4361, 934, 648, 401, 313, 790, 790, 597, 300, 212, 171, 3764, 297
INVAR-3, Run: 015, P, 1000, 0, 0, 0, 0, 51, 0, 0, 0, 100, 0, 0, 0, 0, 0, 6, 0, 0, 0, 17724, 17824, 17924, 17724, 50, 109, 49, 42, 3716, 2690, 2009, 1537, 1185, 976, 4969, 681, 472, 352, 273, 912, 912, 637, 300, 191, 142, 4332, 337
INVAR-3, Run: 016, P, 1000, 0, 0, 0, 0, 51, 0, 0, 0, 100, 0, 0, 0, 0, 0, 6, 0, 0, 0, 16826, 16926, 17026, 16826, 50, 107, 45, 77, 4108, 2812, 2012, 1466, 1058, 1246, 4733, 800, 546, 408, 277, 781, 781, 667, 329, 222, 177, 4066, 338
INVAR-3, Run: 017, P, 1000, 0, 0, 0, 0, 51, 0, 0, 0, 100, 0, 0, 0, 0, 0, 6, 0, 0, 0, 10493, 10593, 10693, 10493, 50, 74, 31, 42, 4702, 3243, 2321, 1719, 1271, 1409, 4401, 922, 602, 448, 347, 924, 924, 517, 247, 173, 142, 3884, 270
INVAR-3, Run: 018, P, 0, 0, 0, 1000, 0, 51, 0, 0, 0, 100, 0, 0, 0, 0, 0, 6, 0, 0, 0, 7523, 7623, 6723, 7523, 50, 91, 53, 121, 4120, 2777, 1857, 1299, 910, 1293, 4323, 920, 558, 389, 257, 653, 653, 636, 365, 274, 221, 3687, 271
INVAR-3, Run: 019, P, 0, 0, 0, 1000, 0, 51, 0, 0, 0, 100, 0, 0, 0, 0, 0, 6, 0, 0, 0, 18226, 18326, 17426, 18226, 50, 96, 44, 112, 3109, 2168, 1574, 1104, 779, 891, 5082, 594, 470, 325, 227, 552, 552, 653, 352, 256, 212, 4429, 301
INVAR-3, Run: 020, P, 0, 0, 0, 1000, 0, 51, 0, 0, 0, 100, 0, 0, 0, 0, 0, 6, 0, 0, 0, 36714, 36814, 35914, 36714, 50, 77, 27, 54, 4734, 3610, 2812, 2208, 1760, 1074, 5428, 798, 604, 448, 355, 1405, 1405, 542, 258, 181, 154, 4886, 284
INVAR-3, Run: 021, P, 0, 1000, 0, 0, 0, 51, 0, 0, 0, 100, 0, 0, 0, 0, 0, 6, 0, 0, 0, 22587, 21687, 21787, 22587, 50, 88, 26, 56, 4979, 3552, 2630, 1946, 1479, 1377, 4903, 922, 684, 467, 395, 1084, 1084, 528, 270, 182, 156, 4375, 258
INVAR-3, Run: 022, P, 0, 1000, 0, 0, 0, 51, 0, 0, 0, 100, 0, 0, 0, 0, 0, 6, 0, 0, 0, 6225, 5325, 5425, 6225, 50, 166, 74, 111, 3772, 2368, 1596, 1102, 769, 1354, 4725, 772, 494, 333, 217, 552, 552, 856, 451, 285, 211, 3869, 405
INVAR-3, Run: 023, P, 0, 1000, 0, 0, 0, 51, 0, 0, 0, 100, 0, 0, 0, 0, 0, 6, 0, 0, 0, 18066, 17166, 17266, 18066, 50, 96, 44, 62, 5009, 3439, 2414, 1682, 1181, 1520, 5038, 1025, 732, 501, 338, 843, 843, 626, 302, 206, 162, 4412, 324
INVAR-3, Run: 024, P, 0, 1000, 0, 0, 0, 51, 0, 0, 0, 100, 0, 0, 0, 0, 0, 6, 0, 0, 0, 29253, 28353, 28453, 29253, 50, 87, 46, 48, 5162, 3623, 2601, 1859, 1343, 1489, 5092, 1022, 742, 516, 337, 1006, 1006, 575, 281, 194, 148, 4517, 294
INVAR-3, Run: 025, P, 1000, 0, 0, 0, 0, 51, 0, 0, 0, 100, 0, 0, 0, 0, 0, 6, 0, 0, 0, 7197, 7297, 7397, 7197, 50, 60, 26, 25, 5211, 3858, 2925, 2230, 1697, 1303, 4039, 933, 695, 533, 378, 1319, 1319, 456, 211, 151, 125, 3583, 245
INVAR-3, Run: 026, P, 1000, 0, 0, 0, 0, 51, 0, 0, 0, 100, 0, 0, 0, 0, 0, 6, 0, 0, 0, 16265, 16365, 16465, 16265, 50, 82, 40, 47, 4400, 2994, 2117, 1496, 1098, 1356, 4876, 877, 621, 398, 277, 821, 821, 563, 269, 187, 147, 4313, 294
INVAR-3, Run: 027, P, 0, 1000, 0, 0, 0, 51, 0, 0, 0, 100, 0, 0, 0, 0, 0, 6, 0, 0, 0, 20552, 19652, 19752, 20552, 50, 71, 19, 20, 5324, 3829, 2826, 2102, 1561, 1445, 4622, 1003, 724, 541, 406, 1155, 1155, 436, 210, 139, 120, 4186, 226
INVAR-3, Run: 028, P, 0, 1000, 0, 0, 0, 51, 0, 0, 0, 100, 0, 0, 0, 0, 0, 6, 0, 0, 0, 1944, 1044, 1144, 1944, 50, 89, 37, 31, 4155, 2931, 2173, 1616, 1240, 1174, 3362, 758, 557, 376, 315, 925, 925, 512, 257, 168, 131, 2850, 255
INVAR-3, Run: 029, P, 1000, 0, 0, 0, 0, 51, 0, 0, 0, 100, 0, 0, 0, 0, 0, 6, 0, 0, 0, 11753, 11853, 11953, 11753, 50, 119, 45, 98, 3011, 1949, 1321, 864, 573, 1012, 4604, 628, 457, 291, 198, 375, 375, 630, 362, 243, 198, 3974, 268
INVAR-3, Run: 030, P, 0, 1000, 0, 0, 0, 51, 0, 0, 0, 100, 0, 0, 0, 0, 0, 6, 0, 0, 0, 13430, 12530, 12630, 13430, 50, 89, 29, 31, 4256, 2937, 2096, 1490, 1138, 1269, 4458, 841, 606, 352, 310, 828, 828, 526, 249, 160, 131, 3932, 277
INVAR-3, Run: 031, P, 1000, 0, 0, 0, 0, 51, 0, 0, 0, 100, 0, 0, 0, 0, 0, 6, 0, 0, 0, 50622, 50722, 50822, 50622, 50, 90, 33, 46, 4376, 3142, 2334, 1738, 1298, 1184, 5362, 808, 596, 440, 327, 971, 971, 514, 269, 179, 146, 4848, 245
INVAR-3, Run: 032, P, 0, 1000, 0, 0, 0, 51, 0, 0, 0, 100, 0, 0, 0, 0, 0, 6, 0, 0, 0, 1944, 1044, 1144, 1944, 50, 109, 75, 95, 4056, 2812, 1951, 1401, 980, 1194, 3499, 861, 550, 421, 283, 697, 697, 686, 379, 270, 195, 2813, 307
INVAR-3, Run: 033, P, 0, 1000, 0, 0, 0, 51, 0, 0, 0, 100, 0, 0, 0, 0, 0, 6, 0, 0, 0, 49547, 48647, 48747, 49547, 50, 142, 85, 234, 3398, 2006, 1254, 771, 487, 1342, 6163, 752, 483, 284, 159, 328, 328, 972, 561, 419, 334, 5191, 411
INVAR-3, Run: 034, P, 1000, 0, 0, 0, 0, 51, 0, 0, 0, 100, 0, 0, 0, 0, 0, 6, 0, 0, 0, 18158, 18258, 18358, 18158, 50, 118, 57, 100, 4905, 3310, 2253, 1551, 1091, 1545, 5198, 1057, 702, 460, 337, 754, 754, 708, 375, 257, 200, 4490, 333
INVAR-3, Run: 035, P, 0, 0, 0, 1000, 0, 51, 0, 0, 0, 100, 0, 0, 0, 0, 0, 6, 0, 0, 0, 2991, 3091, 2191, 2991, 50, 115, 62, 134, 4493, 2979, 2069, 1410, 969, 1464, 3952, 910, 659, 441, 265, 704, 704, 699, 411, 296, 234, 3253, 288
INVAR-3, Run: 036, P, 0, 1000, 0, 0, 0, 51, 0, 0, 0, 100, 0, 0, 0, 0, 0, 6, 0, 0, 0, 2982, 2082, 2182, 2982, 50, 85, 40, 75, 4743, 3289, 2281, 1615, 1163, 1404, 3779, 1008, 666, 452, 331, 832, 832, 541, 300, 215, 175, 3238, 241
INVAR-3, Run: 037, P, 0, 1000, 0, 0, 0, 51, 0, 0, 0, 100, 0, 0, 0, 0, 0, 6, 0, 0, 0, 1941, 1041, 1141, 1941, 50, 64, 16, 9, 3984, 2763, 1981, 1392, 995, 1171, 3297, 782, 589, 397, 270, 725, 725, 431, 189, 125, 109, 2866, 242
INVAR-3, Run: 038, P, 1000, 0, 0, 0, 0, 51, 0, 0, 0, 100, 0, 0, 0, 0, 0, 6, 0, 0, 0, 18631, 18731, 18831, 18631, 50, 77, 33, 35, 3750, 2534, 1790, 1242, 881, 1166, 4699, 744, 548, 361, 243, 638, 638, 512, 245, 168, 135, 4187, 267
INVAR-3, Run: 039, P, 0, 0, 0, 1000, 0, 51, 0, 0, 0, 100, 0, 0, 0, 0, 0, 6, 0, 0, 0, 11888, 11988, 11088, 11888, 50, 117, 55, 135, 4170, 2729, 1821, 1198, 812, 1391, 4944, 908, 623, 386, 260, 552, 552, 726, 407, 290, 235, 4218, 319
INVAR-3, Run: 040, P, 0, 0, 0, 1000, 0, 51, 0, 0, 0, 100, 0, 0, 0, 0, 0, 6, 0, 0, 0, 63136, 63236, 62336, 63136, 50, 101, 42, 48, 3363, 2209, 1545, 1093, 776, 1104, 6043, 664, 452, 317, 248, 528, 528, 622, 291, 190, 148, 5421, 331
INVAR-3, Run: 041, P, 0, 0, 0, 1000, 0, 51, 0, 0, 0, 100, 0, 0, 0, 0, 0, 6, 0, 0, 0, 22133, 22233, 21333, 22133, 50, 58, 21, 25, 5197, 3681, 2688, 1969, 1457, 1466, 4659, 993, 719, 512, 387, 1070, 1070, 422, 204, 146, 125, 4237, 218
INVAR-3, Run: 042, P, 0, 0, 0, 1000, 0, 51, 0, 0, 0, 100, 0, 0, 0, 0, 0, 6, 0, 0, 0, 20615, 20715, 19815, 20615, 50, 104, 53, 72, 3568, 2349, 1608, 1114, 823, 1169, 4901, 741, 494, 291, 240, 583, 583, 637, 329, 225, 172, 4264, 308
INVAR-3, Run: 043, P, 0, 1000, 0, 0, 0, 51, 0, 0, 0, 100, 0, 0, 0, 0, 0, 6, 0, 0, 0, 2966, 2066, 2166, 2966, 50, 187, 97, 123, 4684, 3117, 2120, 1404, 986, 1517, 4116, 997, 716, 418, 264, 722, 722, 885, 507, 320, 223, 3231, 378
INVAR-3, Run: 044, P, 1000, 0, 0, 0, 0, 51, 0, 0, 0, 100, 0, 0, 0, 0, 0, 6, 0, 0, 0, 49695, 49795, 49895, 49695, 50, 96, 53, 69, 5962, 4233, 3134, 2314, 1726, 1679, 5734, 1099, 820, 588, 436, 1290, 1290, 647, 318, 222, 169, 5087, 329
INVAR-3, Run: 045, P, 1000, 0, 0, 0, 0, 51, 0, 0, 0, 100, 0, 0, 0, 0, 0, 6, 0, 0, 0, 1953, 2053, 2153, 1953, 50, 160, 94, 185, 3099, 1861, 1121, 684, 441, 1188, 4047, 740, 437, 243, 141, 300, 300, 946, 539, 379, 285, 3101, 407
INVAR-3, Run: 046, P, 0, 0, 0, 1000, 0, 51, 0, 0, 0, 100, 0, 0, 0, 0, 0, 6, 0, 0, 0, 2984, 3084, 2184, 2984, 50, 117, 45, 88, 2936, 1941, 1333, 943, 632, 945, 3845, 608, 390, 311, 191, 441, 441, 663, 350, 233, 188, 3182, 313
INVAR-3, Run: 047, P, 1000, 0, 0, 0, 0, 51, 0, 0, 0, 100, 0, 0, 0, 0, 0, 6, 0, 0, 0, 14722, 14822, 14922, 14722, 50, 72, 32, 30, 4577, 3250, 2351, 1771, 1301, 1277, 4675, 899, 580, 470, 343, 958, 958, 476, 234, 162, 130, 4199, 242
INVAR-3, Run: 048, P, 1000, 0, 0, 0, 0, 51, 0, 0, 0, 100, 0, 0, 0, 0, 0, 6, 0, 0, 0, 6253, 6353, 6453, 6253, 50, 68, 22, 17, 5567, 3953, 2892, 2132, 1613, 1564, 4310, 1061, 760, 519, 402, 1211, 1211, 498, 207, 139, 117, 3812, 291
INVAR-3, Run: 049, P, 0, 0, 0, 1000, 0, 51, 0, 0, 0, 100, 0, 0, 0, 0, 0, 6, 0, 0, 0, 8060, 8160, 7260, 8060, 50, 59, 23, 13, 4088, 2895, 2099, 1522, 1099, 1143, 4153, 796, 577, 423, 266, 833, 833, 424, 195, 136, 113, 3729, 229
INVAR-3, Run: 050, P, 1000, 0, 0, 0, 0, 51, 0, 0, 0, 100, 0, 0, 0, 0, 0, 6, 0, 0, 0, 12677, 12777, 12877, 12677, 50, 130, 60, 73, 3178, 2027, 1340, 922, 646, 1101, 4637, 687, 418, 276, 197, 449, 449, 685, 363, 233, 173, 3952, 322
INVAR-3, Run: 051, P, 0, 1000, 0, 0, 0, 51, 0, 0, 0, 100, 0, 0, 0, 0, 0, 6, 0, 0, 0, 13694, 12794, 12894, 13694, 50, 70, 29, 27, 4834, 3402, 2467, 1828, 1374, 1382, 4678, 935, 639, 454, 384, 990, 990, 498, 226, 156, 127, 4180, 272
INVAR-3, Run: 052, P, 1000, 0, 0, 0, 0, 51, 0, 0, 0, 100, 0, 0, 0, 0, 0, 6, 0, 0, 0, 2000, 2100, 2200, 2000, 50, 116, 63, 78, 3843, 2581, 1776, 1246, 884, 1212, 3857, 805, 530, 362, 246, 638, 638, 732, 357, 241, 178, 3125, 375
INVAR-3, Run: 053, P, 0, 1000, 0, 0, 0, 51, 0, 0, 0, 100, 0, 0, 0, 0, 0, 6, 0, 0, 0, 6103, 5203, 5303, 6103, 50, 133, 63, 54, 4335, 3015, 2135, 1522, 1094, 1270, 4644, 880, 613, 428, 273, 821, 821, 713, 350, 217, 154, 3931, 363
INVAR-3, Run: 054, P, 1000, 0, 0, 0, 0, 51, 0, 0, 0, 100, 0, 0, 0, 0, 0, 6, 0, 0, 0, 11582, 11682, 11782, 11582, 50, 45, 15, 10, 3890, 2793, 2117, 1562, 1184, 1047, 4153, 676, 555, 378, 322, 862, 862, 388, 170, 125, 110, 3765, 218
INVAR-3, Run: 055, P, 1000, 0, 0, 0, 0, 51, 0, 0, 0, 100, 0, 0, 0, 0, 0, 6, 0, 0, 0, 42364, 42464, 42564, 42364, 50, 73, 29, 63, 4892, 3428, 2486, 1787, 1312, 1414, 5299, 942, 699, 475, 343, 969, 969, 529, 265, 192, 163, 4770, 264
INVAR-3, Run: 056, P, 1000, 0, 0, 0, 0, 51, 0, 0, 0, 100, 0, 0, 0, 0, 0, 6, 0, 0, 0, 4102, 4202, 4302, 4102, 50, 121, 50, 94, 4214, 2725, 1860, 1284, 906, 1439, 4009, 865, 576, 378, 255, 651, 651, 697, 365, 244, 194, 3312, 332
INVAR-3, Run: 057, P, 0, 0, 0, 1000, 0, 51, 0, 0, 0, 100, 0, 0, 0, 0, 0, 6, 0, 0, 0, 5107, 5207, 4307, 5107, 50, 90, 59, 80, 4462, 3109, 2207, 1602, 1168, 1303, 4225, 902, 605, 434, 327, 841, 841, 618, 329, 239, 180, 3607, 289
INVAR-3, Run: 058, P, 0, 0, 0, 1000, 0, 51, 0, 0, 0, 100, 0, 0, 0, 0, 0, 6, 0, 0, 0, 34458, 34558, 33658, 34458, 50, 95, 36, 55, 5127, 3542, 2525, 1835, 1323, 1535, 5182, 1017, 690, 512, 354, 969, 969, 589, 286, 191, 155, 4593, 303
INVAR-3, Run: 059, P, 1000, 0, 0, 0, 0, 51, 0, 0, 0, 100, 0, 0, 0, 0, 0, 6, 0, 0, 0, 37607, 37707, 37807, 37607, 50, 74, 28, 43, 6316, 4571, 3408, 2477, 1839, 1695, 5282, 1163, 931, 638, 447, 1392, 1392, 538, 245, 171, 143, 4744, 293
INVAR-3, Run: 060, P, 0, 1000, 0, 0, 0, 51, 0, 0, 0, 100, 0, 0, 0, 0, 0, 6, 0, 0, 0, 32234, 31334, 31434, 32234, 50, 94, 33, 30, 4641, 3210, 2321, 1687, 1238, 1381, 5179, 889, 634, 449, 339, 899, 899, 550, 257, 163, 130, 4629, 293
INVAR-3, Run: 061, P, 1000, 0, 0, 0, 0, 51, 0, 0, 0, 100, 0, 0, 0, 0, 0, 6, 0, 0, 0, 78994, 79094, 79194, 78994, 50, 97, 59, 68, 4804, 3261, 2340, 1656, 1189, 1493, 6240, 921, 684, 467, 344, 845, 845, 644, 324, 227, 168, 5596, 320
INVAR-3, Run: 062, P, 1000, 0, 0, 0, 0, 51, 0, 0, 0, 100, 0, 0, 0, 0, 0, 6, 0, 0, 0, 15972, 16072, 16172, 15972, 50, 91, 60, 69, 6109, 4235, 3042, 2159, 1553, 1824, 4861, 1193, 883, 606, 444, 1109, 1109, 646, 320, 229, 169, 4215, 326
INVAR-3, Run: 063, P, 0, 0, 0, 1000, 0, 51, 0, 0, 0, 100, 0, 0, 0, 0, 0, 6, 0, 0, 0, 5214, 5314, 4414, 5214, 50, 84, 33, 35, 3342, 2296, 1579, 1140, 820, 996, 4015, 717, 439, 320, 239, 581, 581, 531, 252, 168, 135, 3484, 279
INVAR-3, Run: 064, P, 0, 1000, 0, 0, 0, 51, 0, 0, 0, 100, 0, 0, 0, 0, 0, 6, 0, 0, 0, 10556, 9656, 9756, 10556, 50, 86, 26, 57, 5735, 4105, 3016, 2167, 1613, 1580, 4381, 1089, 849, 554, 404, 1209, 1209, 559, 269, 183, 157, 3822, 290
INVAR-3, Run: 065, P, 1000, 0, 0, 0, 0, 51, 0, 0, 0, 100, 0, 0, 0, 0, 0, 6, 0, 0, 0, 10399, 10499, 10599, 10399, 50, 91, 27, 53, 2837, 1854, 1294, 908, 634, 933, 4397, 560, 386, 274, 199, 435, 435, 545, 271, 180, 153, 3852, 274
INVAR-3, Run: 066, P, 1000, 0, 0, 0, 0, 51, 0, 0, 0, 100, 0, 0, 0, 0, 0, 6, 0, 0, 0, 10209, 10309, 10409, 10209, 50, 69, 21, 29, 5565, 4229, 3263, 2572, 2027, 1286, 4320, 966, 691, 545, 423, 1604, 1604, 462, 219, 150, 129, 3858, 243
INVAR-3, Run: 067, P, 1000, 0, 0, 0, 0, 51, 0, 0, 0, 100, 0, 0, 0, 0, 0, 6, 0, 0, 0, 12542, 12642, 12742, 12542, 50, 89, 38, 34, 3674, 2516, 1801, 1272, 943, 1108, 4372, 715, 529, 329, 254, 689, 689, 522, 261, 172, 134, 3850, 261
INVAR-3, Run: 068, P, 0, 1000, 0, 0, 0, 51, 0, 0, 0, 100, 0, 0, 0, 0, 0, 6, 0, 0, 0, 20352, 19452, 19552, 20352, 50, 117, 47, 57, 2994, 1932, 1261, 839, 586, 1012, 4784, 671, 422, 253, 180, 406, 406, 590, 321, 204, 157, 4194, 269
INVAR-3, Run: 069, P, 1000, 0, 0, 0, 0, 51, 0, 0, 0, 100, 0, 0, 0, 0, 0, 6, 0, 0, 0, 7160, 7260, 7360, 7160, 50, 166, 83, 141, 4112, 2599, 1755, 1191, 809, 1463, 4956, 844, 564, 382, 240, 569, 569, 892, 490, 324, 241, 4064, 402
INVAR-3, Run: 070, P, 0, 0, 0, 1000, 0, 51, 0, 0, 0, 100, 0, 0, 0, 0, 0, 6, 0, 0, 0, 6295, 6395, 5495, 6295, 50, 88, 43, 102, 4562, 3209, 2269, 1606, 1151, 1303, 4290, 940, 663, 455, 340, 811, 811, 627, 333, 245, 202, 3663, 294
INVAR-3, Run: 071, P, 0, 0, 0, 1000, 0, 51, 0, 0, 0, 100, 0, 0, 0, 0, 0, 6, 0, 0, 0, 37199, 37299, 36399, 37199, 50, 124, 61, 47, 3571, 2372, 1668, 1214, 860, 1149, 5397, 704, 454, 354, 226, 634, 634, 648, 332, 208, 147, 4749, 316
INVAR-3, Run: 072, P, 0, 0, 0, 1000, 0, 51, 0, 0, 0, 100, 0, 0, 0, 0, 0, 6, 0, 0, 0, 8345, 8445, 7545, 8345, 50, 85, 29, 30, 4644, 3447, 2577, 1958, 1494, 1147, 4145, 870, 619, 464, 387, 1107, 1107, 492, 244, 159, 130, 3653, 248
INVAR-3, Run: 073, P, 0, 0, 0, 1000, 0, 51, 0, 0, 0, 100, 0, 0, 0, 0, 0, 6, 0, 0, 0, 10259, 10359, 9459, 10259, 50, 105, 54, 132, 5471, 3777, 2668, 1904, 1343, 1644, 4483, 1109, 764, 561, 382, 961, 961, 691, 391, 286, 232, 3792, 300
INVAR-3, Run: 074, P, 1000, 0, 0, 0, 0, 51, 0, 0, 0, 100, 0, 0, 0, 0, 0, 6, 0, 0, 0, 10400, 10500, 10600, 10400, 50, 104, 44, 68, 3605, 2505, 1766, 1277, 937, 1050, 4669, 739, 489, 340, 242, 695, 695, 639, 316, 212, 168, 4030, 323
INVAR-3, Run: 075, P, 1000, 0, 0, 0, 0, 51, 0, 0, 0, 100, 0, 0, 0, 0, 0, 6, 0, 0, 0, 13072, 13172, 13272, 13072, 50, 96, 57, 60, 3531, 2571, 1864, 1406, 1060, 910, 4631, 707, 458, 346, 272, 788, 788, 610, 313, 217, 160, 4021, 297
INVAR-3, Run: 076, P, 0, 0, 0, 1000, 0, 51, 0, 0, 0, 100, 0, 0, 0, 0, 0, 6, 0, 0, 0, 1962, 2062, 1162, 1962, 50, 96, 58, 54, 6372, 4534, 3270, 2417, 1745, 1788, 3599, 1264, 853, 672, 471, 1274, 1274, 609, 308, 212, 154, 2990, 301
INVAR-3, Run: 077, P, 1000, 0, 0, 0, 0, 51, 0, 0, 0, 100, 0, 0, 0, 0, 0, 6, 0, 0, 0, 5104, 5204, 5304, 5104, 50, 107, 54, 59, 3652, 2491, 1794, 1287, 920, 1111, 4148, 697, 507, 367, 256, 664, 664, 629, 320, 213, 159, 3519, 309
INVAR-3, Run: 078, P, 0, 1000, 0, 0, 0, 51, 0, 0, 0, 100, 0, 0, 0, 0, 0, 6, 0, 0, 0, 59409, 58509, 58609, 59409, 50, 94, 34, 34, 5334, 4077, 3172, 2466, 1968, 1207, 5779, 905, 706, 498, 371, 1597, 1597, 549, 262, 168, 134, 5230, 287
INVAR-3, Run: 079, P, 0, 1000, 0, 0, 0, 51, 0, 0, 0, 100, 0, 0, 0, 0, 0, 6, 0, 0, 0, 2969, 2069, 2169, 2969, 50, 108, 48, 71, 3620, 2346, 1609, 1116, 785, 1224, 4043, 737, 493, 331, 236, 549, 549, 699, 327, 219, 171, 3344, 372
INVAR-3, Run: 080, P, 0, 1000, 0, 0, 0, 51, 0, 0, 0, 100, 0, 0, 0, 0, 0, 6, 0, 0, 0, 13503, 12603, 12703, 13503, 50, 80, 32, 41, 4249, 3016, 2177, 1605, 1190, 1183, 4504, 839, 572, 415, 337, 853, 853, 534, 253, 173, 141, 3970, 281
INVAR-3, Run: 081, P, 1000, 0, 0, 0, 0, 51, 0, 0, 0, 100, 0, 0, 0, 0, 0, 6, 0, 0, 0, 1986, 2086, 2186, 1986, 50, 49, 25, 55, 4549, 3238, 2366, 1790, 1358, 1261, 3204, 872, 576, 432, 356, 1002, 1002, 444, 229, 180, 155, 2760, 215
INVAR-3, Run: 082, P, 0, 0, 0, 1000, 0, 51, 0, 0, 0, 100, 0, 0, 0, 0, 0, 6, 0, 0, 0, 5168, 5268, 4368, 5168, 50, 116, 64, 191, 4933, 3280, 2256, 1531, 1066, 1603, 4474, 1024, 725, 465, 315, 751, 751, 806, 471, 355, 291, 3668, 335
INVAR-3, Run: 083, P, 1000, 0, 0, 0, 0, 51, 0, 0, 0, 100, 0, 0, 0, 0, 0, 6, 0, 0, 0, 9285, 9385, 9485, 9285, 50, 90, 42, 42, 4464, 3078, 2243, 1613, 1163, 1336, 4354, 835, 630, 450, 305, 858, 858, 555, 274, 184, 142, 3799, 281
INVAR-3, Run: 084, P, 1000, 0, 0, 0, 0, 51, 0, 0, 0, 100, 0, 0, 0, 0, 0, 6, 0, 0, 0, 4054, 4154, 4254, 4054, 50, 101, 56, 90, 2313, 1402, 890, 590, 395, 861, 3818, 512, 300, 195, 105, 290, 290, 643, 347, 246, 190, 3175, 296
INVAR-3, Run: 085, P, 0, 1000, 0, 0, 0, 51, 0, 0, 0, 100, 0, 0, 0, 0, 0, 6, 0, 0, 0, 7235, 6335, 6435, 7235, 50, 97, 45, 68, 3587, 2420, 1680, 1143, 792, 1117, 4209, 740, 537, 351, 252, 540, 540, 636, 310, 213, 168, 3573, 326
INVAR-3, Run: 086, P, 1000, 0, 0, 0, 0, 51, 0, 0, 0, 100, 0, 0, 0, 0, 0, 6, 0, 0, 0, 1978, 2078, 2178, 1978, 50, 116, 53, 68, 3730, 2569, 1828, 1333, 971, 1111, 3780, 741, 495, 362, 283, 688, 688, 649, 337, 221, 168, 3131, 312
INVAR-3, Run: 087, P, 0, 0, 0, 1000, 0, 51, 0, 0, 0, 100, 0, 0, 0, 0, 0, 6, 0, 0, 0, 4103, 4203, 3303, 4103, 50, 132, 62, 104, 3163, 2089, 1456, 975, 667, 1024, 3966, 633, 481, 308, 199, 468, 468, 720, 398, 266, 204, 3246, 322
INVAR-3, Run: 088, P, 0, 0, 0, 1000, 0, 51, 0, 0, 0, 100, 0, 0, 0, 0, 0, 6, 0, 0, 0, 12811, 12911, 12011, 12811, 50, 113, 46, 37, 5343, 3776, 2848, 2135, 1603, 1517, 4701, 928, 713, 532, 393, 1210, 1210, 638, 296, 183, 137, 4063, 342
INVAR-3, Run: 089, P, 0, 1000, 0, 0, 0, 51, 0, 0, 0, 100, 0, 0, 0, 0, 0, 6, 0, 0, 0, 12518, 11618, 11718, 12518, 50, 73, 41, 58, 6366, 4735, 3576, 2725, 2086, 1581, 4359, 1159, 851, 639, 478, 1608, 1608, 521, 272, 199, 158, 3838, 249
INVAR-3, Run: 090, P, 0, 0, 0, 1000, 0, 51, 0, 0, 0, 100, 0, 0, 0, 0, 0, 6, 0, 0, 0, 14420, 14520, 13620, 14420, 50, 97, 55, 108, 2788, 1790, 1141, 758, 521, 948, 4758, 649, 383, 237, 177, 344, 344, 687, 360, 263, 208, 4071, 327
INVAR-3, Run: 091, P, 0, 1000, 0, 0, 0, 51, 0, 0, 0, 100, 0, 0, 0, 0, 0, 6, 0, 0, 0, 36096, 35196, 35296, 36096, 50, 95, 47, 70, 3707, 2581, 1824, 1318, 979, 1076, 5472, 757, 506, 339, 286, 693, 693, 635, 312, 217, 170, 4837, 323
INVAR-3, Run: 092, P, 0, 1000, 0, 0, 0, 51, 0, 0, 0, 100, 0, 0, 0, 0, 0, 6, 0, 0, 0, 7118, 6218, 6318, 7118, 50, 67, 38, 48, 4692, 3487, 2612, 2013, 1514, 1155, 4121, 875, 599, 499, 341, 1173, 1173, 520, 253, 186, 148, 3601, 267
INVAR-3, Run: 093, P, 0, 1000, 0, 0, 0, 51, 0, 0, 0, 100, 0, 0, 0, 0, 0, 6, 0, 0, 0, 10439, 9539, 9639, 10439, 50, 96, 53, 50, 4045, 2681, 1828, 1242, 828, 1314, 4530, 853, 586, 414, 267, 561, 561, 554, 299, 203, 150, 3976, 255
INVAR-3, Run: 094, P, 0, 1000, 0, 0, 0, 51, 0, 0, 0, 100, 0, 0, 0, 0, 0, 6, 0, 0, 0, 5174, 4274, 4374, 5174, 50, 66, 28, 32, 4148, 3064, 2258, 1649, 1253, 1034, 3770, 806, 609, 396, 297, 956, 956, 449, 226, 160, 132, 3321, 223
INVAR-3, Run: 095, P, 0, 0, 0, 1000, 0, 51, 0, 0, 0, 100, 0, 0, 0, 0, 0, 6, 0, 0, 0, 20113, 20213, 19313, 20113, 50, 84, 35, 45, 4768, 3411, 2485, 1823, 1346, 1307, 4779, 926, 662, 477, 321, 1025, 1025, 579, 264, 180, 145, 4200, 315
INVAR-3, Run: 096, P, 0, 1000, 0, 0, 0, 51, 0, 0, 0, 100, 0, 0, 0, 0, 0, 6, 0, 0, 0, 6301, 5401, 5501, 6301, 50, 112, 62, 94, 2994, 1968, 1357, 922, 632, 976, 4663, 611, 435, 290, 195, 437, 437, 769, 368, 256, 194, 3894, 401
INVAR-3, Run: 097, P, 0, 0, 0, 1000, 0, 51, 0, 0, 0, 100, 0, 0, 0, 0, 0, 6, 0, 0, 0, 38559, 38659, 37759, 38559, 50, 60, 25, 28, 4647, 3303, 2435, 1801, 1310, 1294, 5139, 868, 634, 491, 332, 978, 978, 486, 213, 153, 128, 4653, 273
INVAR-3, Run: 098, P, 1000, 0, 0, 0, 0, 51, 0, 0, 0, 100, 0, 0, 0, 0, 0, 6, 0, 0, 0, 5091, 5191, 5291, 5091, 50, 79, 44, 98, 4097, 2711, 1875, 1317, 921, 1336, 3946, 836, 558, 396, 278, 643, 643, 550, 321, 242, 198, 3396, 229
INVAR-3, Run: 099, P, 0, 0, 0, 1000, 0, 51, 0, 0, 0, 100, 0, 0, 0, 0, 0, 6, 0, 0, 0, 2967, 3067, 2167, 2967, 50, 89, 62, 90, 3727, 2486, 1730, 1181, 793, 1191, 4121, 756, 549, 388, 264, 529, 529, 669, 341, 252, 190, 3452, 328
INVAR-3, Run: 100, P, 0, 0, 0, 1000, 0, 51, 0, 0, 0, 100, 0, 0, 0, 0, 0, 6, 0, 0, 0, 12646, 12746, 11846, 12646, 50, 112, 48, 58, 3938, 2755, 2007, 1465, 1082, 1133, 4753, 748, 542, 383, 265, 817, 817, 649, 318, 206, 158, 4104, 331
